"recordID","DNS Tested","Target Website","Query Times (ms)","datetime","Frequency Tested","Avg Query Time"
"1","Cloudflare Primary DNS","www.facebook.com","64.06, 46.98, 46.92, 46.12, 45.84, 46.61, 45.97, 46.01, 47.66, 47.69","2026-06-27 07:48:10","10","48.39"
"2","Cloudflare Primary DNS","www.google.com","42.33, 47.18, 46.37, 46.54, 47.95, 49.57, 47.93, 48.92, 49.74, 45.32","2026-06-27 07:48:11","10","47.19"
"3","Cloudflare Primary DNS","www.amazon.com","46.16, 48.41, 49.1, 49.29, 48.69, 45.3, 47.29, 46.26, 46.14, 49.75","2026-06-27 07:48:11","10","47.64"
"4","Cloudflare Primary DNS","www.nos.nl","55.31, 56.43, 58.33, 51.77, 59.23, 60.04, 51.31, 46.18, 104.13, 66.38","2026-06-27 07:48:12","10","60.91"
"5","Cloudflare Primary DNS","www.bbc.co.uk","49.33, 47.94, 45.84, 47.07, 47.41, 47.08, 51.53, 40.97, 45.66, 45.96","2026-06-27 07:48:13","10","46.88"
"6","Cloudflare Primary DNS","www.github.com","45.75, 47.32, 45.8, 44.6, 46.99, 47.89, 48.49, 47.29, 58.03, 45.06","2026-06-27 07:48:13","10","47.72"
"7","Cloudflare Primary DNS","www.netflix.com","47.47, 51.22, 47.72, 46.84, 47.5, 45.29, 47.33, 49.62, 47.05, 48.19","2026-06-27 07:48:14","10","47.82"
"8","Cloudflare Primary DNS","www.hbomax.com","47.51, 49.01, 49.2, 48.27, 52.28, 45.67, 49.01, 47.52, 47.98, 46.5","2026-06-27 07:48:14","10","48.29"
"9","Cloudflare Secondary DNS","www.facebook.com","45.34, 48.56, 45.54, 48.5, 50.72, 45.52, 47.57, 46.43, 50.45, 46.96","2026-06-27 07:48:15","10","47.56"
"10","Cloudflare Secondary DNS","www.google.com","46.65, 48.47, 44, 46.53, 44.11, 46.92, 44.06, 46.39, 46.51, 47.36","2026-06-27 07:48:15","10","46.1"
"11","Cloudflare Secondary DNS","www.amazon.com","48.55, 49.12, 46.05, 46.53, 51.6, 46.64, 46.33, 46.97, 48.1, 48.8","2026-06-27 07:48:16","10","47.87"
"12","Cloudflare Secondary DNS","www.nos.nl","57.99, 54.42, 46.45, 119.94, 54.93, 45.42, 55.46, 55.62, 55.41, 59.4","2026-06-27 07:48:16","10","60.5"
"13","Cloudflare Secondary DNS","www.bbc.co.uk","47.97, 46.84, 47.47, 45.22, 45.33, 48.98, 47.78, 48.56, 48.15, 48.87","2026-06-27 07:48:17","10","47.52"
"14","Cloudflare Secondary DNS","www.github.com","45.68, 48.79, 47.63, 47.37, 44.2, 47.02, 46.35, 47.53, 47.03, 45.89","2026-06-27 07:48:17","10","46.75"
"15","Cloudflare Secondary DNS","www.netflix.com","46.57, 50.67, 47.11, 47.09, 45.5, 47.4, 45.63, 46.73, 45.81, 48.17","2026-06-27 07:48:18","10","47.07"
"16","Cloudflare Secondary DNS","www.hbomax.com","46.88, 48.29, 45.57, 48.37, 46.45, 45.66, 46.86, 44.66, 47.96, 45.64","2026-06-27 07:48:18","10","46.63"
"17","Google Primary DNS","www.facebook.com","142.97, 146.03, 141.28, 142.15, 189.75, 136.71, 140.53, 138.88, 136.9, 138.45","2026-06-27 07:48:20","10","145.36"
"18","Google Primary DNS","www.google.com","138.07, 138.98, 140.41, 138.14, 139.21, 133.62, 138.91, 138.12, 141.73, 137.08","2026-06-27 07:48:21","10","138.43"
"19","Google Primary DNS","www.amazon.com","144.91, 139.06, 145.28, 142.38, 139.36, 146.28, 139.22, 141.01, 146.22, 138.11","2026-06-27 07:48:23","10","142.18"
"20","Google Primary DNS","www.nos.nl","205.22, 138.56, 151.83, 138.03, 149.6, 156.62, 138.31, 143.41, 139.11, 141.6","2026-06-27 07:48:24","10","150.23"
"21","Google Primary DNS","www.bbc.co.uk","141.63, 137.88, 140.88, 138.67, 138.27, 141.21, 139.4, 141.48, 138.56, 142.6","2026-06-27 07:48:26","10","140.06"
"22","Google Primary DNS","www.github.com","137.91, 136.5, 144.29, 142.46, 138.45, 138.24, 136.5, 135.99, 139.01, 138.18","2026-06-27 07:48:27","10","138.75"
"23","Google Primary DNS","www.netflix.com","135.51, 135.21, 137.12, 137.37, 136.44, 136.34, 136.62, 136.58, 136.62, 137.97","2026-06-27 07:48:29","10","136.58"
"24","Google Primary DNS","www.hbomax.com","140.58, 140.38, 140.76, 141.41, 138.31, 140.77, 136.99, 137.62, 138.94, 141.86","2026-06-27 07:48:30","10","139.76"
"25","Google Secondary DNS","www.facebook.com","137.75, 134.76, 136.49, 138.36, 137.5, 140.46, 138.53, 136.43, 138.42, 141.37","2026-06-27 07:48:31","10","138.01"
"26","Google Secondary DNS","www.google.com","140.72, 135.65, 136.78, 138.47, 137.47, 137.12, 137.49, 138.16, 136.37, 138.37","2026-06-27 07:48:33","10","137.66"
"27","Google Secondary DNS","www.amazon.com","143.24, 135.38, 142.28, 140.84, 144.15, 138.75, 139.27, 138.81, 138.58, 139.06","2026-06-27 07:48:34","10","140.04"
"28","Google Secondary DNS","www.nos.nl","136.78, 136.71, 138.07, 138.13, 135.66, 137.31, 137.11, 137.38, 138.04, 137.08","2026-06-27 07:48:36","10","137.23"
"29","Google Secondary DNS","www.bbc.co.uk","137.37, 138.69, 138.71, 137.74, 138.91, 137.75, 136.15, 136.08, 138.83, 136.92","2026-06-27 07:48:37","10","137.71"
"30","Google Secondary DNS","www.github.com","136.44, 136.66, 138.11, 188.05, 139.49, 138.16, 138.95, 138.9, 137.96, 134.74","2026-06-27 07:48:39","10","142.75"
"31","Google Secondary DNS","www.netflix.com","137.55, 136.81, 135.96, 137.32, 135.75, 136.35, 137.26, 137, 136.82, 136.6","2026-06-27 07:48:40","10","136.74"
"32","Google Secondary DNS","www.hbomax.com","137.9, 141.07, 136.02, 134.83, 137.59, 137.53, 137.81, 141.23, 137.77, 136.07","2026-06-27 07:48:41","10","137.78"
"33","Quad9 Primary DNS","www.facebook.com","127.23, 128.07, 126.98, 125.75, 127.14, 127.03, 128.52, 128.33, 126.71, 128.87","2026-06-27 07:48:43","10","127.46"
"34","Quad9 Primary DNS","www.google.com","126.7, 127.18, 124.29, 124.39, 128.5, 126.36, 127.72, 125.5, 128.69, 128.89","2026-06-27 07:48:44","10","126.82"
"35","Quad9 Primary DNS","www.amazon.com","127.11, 126.09, 131.4, 129.22, 127.03, 127.03, 130.75, 127.29, 127.22, 127.73","2026-06-27 07:48:45","10","128.09"
"36","Quad9 Primary DNS","www.nos.nl","463.58, 273.81, 137.15, 128.34, 129.03, 124.34, 127.18, 127.29, 126.32, 126.56","2026-06-27 07:48:47","10","176.36"
"37","Quad9 Primary DNS","www.bbc.co.uk","417.96, 129.94, 126.9, 224.45, 128.56, 127.89, 127.01, 133.11, 128.47, 124.89","2026-06-27 07:48:49","10","166.92"
"38","Quad9 Primary DNS","www.github.com","127, 127.71, 128.57, 127.43, 127.92, 127.37, 127.59, 127.51, 127.63, 127.18","2026-06-27 07:48:50","10","127.59"
"39","Quad9 Primary DNS","www.netflix.com","125.9, 127.98, 127.17, 128.66, 129.41, 127.47, 130.62, 128.42, 127.37, 128.99","2026-06-27 07:48:51","10","128.2"
"40","Quad9 Primary DNS","www.hbomax.com","127.72, 128.09, 129.86, 127.76, 127.67, 139.1, 127.52, 127.06, 126.84, 127.76","2026-06-27 07:48:53","10","128.94"
"41","Quad9 Secondary DNS","www.facebook.com","124.05, 127.72, 128.26, 127.57, 131.41, 127.46, 129.47, 129.67, 126.92, 124.26","2026-06-27 07:48:54","10","127.68"
"42","Quad9 Secondary DNS","www.google.com","127.91, 125.86, 128.99, 125.76, 126.99, 125.95, 126.62, 126.84, 127.73, 126.61","2026-06-27 07:48:55","10","126.92"
"43","Quad9 Secondary DNS","www.amazon.com","126.49, 129.43, 127.59, 127.48, 127.76, 128.13, 128.71, 124.87, 126.44, 128.86","2026-06-27 07:48:57","10","127.58"
"44","Quad9 Secondary DNS","www.nos.nl","128.27, 126.22, 126.98, 127.13, 126.95, 127.37, 128.02, 127.33, 127.81, 128.75","2026-06-27 07:48:58","10","127.48"
"45","Quad9 Secondary DNS","www.bbc.co.uk","423.99, 127.17, 125.28, 126.53, 127.21, 127.54, 128.22, 126.61, 128.75, 128.86","2026-06-27 07:49:00","10","157.02"
"46","Quad9 Secondary DNS","www.github.com","127.57, 127.03, 128.02, 127.05, 127.21, 133.09, 128.67, 129.6, 127.92, 125.78","2026-06-27 07:49:01","10","128.19"
"47","Quad9 Secondary DNS","www.netflix.com","126.58, 127.08, 129.56, 127.66, 124.08, 127.43, 129.53, 128.68, 126.9, 128.25","2026-06-27 07:49:02","10","127.57"
"48","Quad9 Secondary DNS","www.hbomax.com","132.83, 127.27, 125.26, 127.42, 126.94, 128.6, 127.51, 126.11, 126.42, 131.72","2026-06-27 07:49:04","10","128.01"
"49","NextDNS Primary DNS","www.facebook.com","46.55, 46.44, 47.98, 45.79, 48.93, 44.2, 48.1, 51.2, 47.28, 45.12","2026-06-27 07:49:04","10","47.16"
"50","NextDNS Primary DNS","www.google.com","47.4, 46.81, 47.08, 46.1, 46.66, 47.05, 43.25, 46.19, 46.55, 46.04","2026-06-27 07:49:05","10","46.31"
"51","NextDNS Primary DNS","www.amazon.com","43.94, 47.59, 47.32, 46.74, 48.3, 45.55, 46.04, 47.18, 47.35, 47.56","2026-06-27 07:49:05","10","46.76"
"52","NextDNS Primary DNS","www.nos.nl","199.71, 46.24, 47.15, 45.32, 47.45, 47.17, 46.58, 47.25, 46.38, 47.47","2026-06-27 07:49:06","10","62.07"
"53","NextDNS Primary DNS","www.bbc.co.uk","111.87, 46.45, 46.83, 45.78, 45.77, 45.71, 45.79, 47.83, 46.82, 46.28","2026-06-27 07:49:06","10","52.91"
"54","NextDNS Primary DNS","www.github.com","104.2, 46.02, 46.77, 46.1, 46.84, 45.82, 45.67, 46.85, 46.05, 46.98","2026-06-27 07:49:07","10","52.13"
"55","NextDNS Primary DNS","www.netflix.com","47.15, 46.75, 45.76, 46.23, 43.87, 45.99, 45.47, 48.04, 48.38, 46.57","2026-06-27 07:49:07","10","46.42"
"56","NextDNS Primary DNS","www.hbomax.com","142.99, 46.12, 45.45, 45.09, 46.85, 46.61, 45.32, 47.57, 49.17, 47.51","2026-06-27 07:49:08","10","56.27"
"57","NextDNS Secondary DNS","www.facebook.com","47.26, 46.12, 45.56, 48.19, 47.18, 47.23, 45.95, 46.82, 46.98, 45.66","2026-06-27 07:49:08","10","46.69"
"58","NextDNS Secondary DNS","www.google.com","45.44, 46.33, 46.35, 48.63, 47.3, 45.17, 47.96, 46.09, 44.05, 45.69","2026-06-27 07:49:09","10","46.3"
"59","NextDNS Secondary DNS","www.amazon.com","48.38, 46.15, 48.44, 46.77, 45.8, 46.44, 45.47, 46.03, 46.06, 47.62","2026-06-27 07:49:09","10","46.72"
"60","NextDNS Secondary DNS","www.nos.nl","153.35, 45.09, 45.33, 43, 45.83, 48.4, 49.02, 48.19, 46.61, 46.27","2026-06-27 07:49:10","10","57.11"
"61","NextDNS Secondary DNS","www.bbc.co.uk","54.52, 45.99, 45.61, 45.97, 46.35, 47.16, 46.19, 46.18, 47.49, 48.23","2026-06-27 07:49:11","10","47.37"
"62","NextDNS Secondary DNS","www.github.com","45.55, 46.05, 47.37, 45.32, 46.17, 46.77, 47.23, 46.32, 45.63, 46.79","2026-06-27 07:49:11","10","46.32"
"63","NextDNS Secondary DNS","www.netflix.com","46.64, 46.59, 45.32, 45.48, 46.5, 47.52, 43.61, 49.29, 48.81, 45.29","2026-06-27 07:49:12","10","46.51"
"64","NextDNS Secondary DNS","www.hbomax.com","146.99, 46.55, 52.45, 47.9, 47.06, 44.81, 49.27, 47.04, 43.55, 44.22","2026-06-27 07:49:12","10","56.98"
"65","OpenDNS Primary DNS","www.facebook.com","126.74, 94.87, 125.7, 89.97, 46.72, 125.35, 89.34, 44.12, 46.82, 46.4","2026-06-27 07:49:13","10","83.6"
"66","OpenDNS Primary DNS","www.google.com","79.9, 74.18, 77.23, 81.79, 79.4, 46.48, 80.36, 43.18, 82.19, 52.47","2026-06-27 07:49:14","10","69.72"
"67","OpenDNS Primary DNS","www.amazon.com","49.62, 53.07, 94.27, 52.45, 56.25, 52.27, 50.25, 46.53, 46.02, 101.31","2026-06-27 07:49:14","10","60.2"
"68","OpenDNS Primary DNS","www.nos.nl","175.74, 120.42, 119.39, 279.41, 56.48, 171.24, 43.22, 569.79, 266.52, 400.92","2026-06-27 07:49:17","10","220.31"
"69","OpenDNS Primary DNS","www.bbc.co.uk","251.32, 148.68, 56.5, 47.09, 47.02, 42.65, 48.79, 47.13, 46.31, 46.51","2026-06-27 07:49:17","10","78.2"
"70","OpenDNS Primary DNS","www.github.com","49.06, 47.98, 50.45, 48.56, 49.54, 45.8, 46.77, 46.21, 46.19, 46.45","2026-06-27 07:49:18","10","47.7"
"71","OpenDNS Primary DNS","www.netflix.com","47.1, 45.26, 46.29, 43.62, 44.36, 47.19, 45.66, 48.1, 41.8, 55.11","2026-06-27 07:49:18","10","46.45"
"72","OpenDNS Primary DNS","www.hbomax.com","43.79, 47.23, 45.61, 51.47, 46.46, 48.44, 49.8, 47.83, 46.72, 46.5","2026-06-27 07:49:19","10","47.39"
"73","OpenDNS Secondary DNS","www.facebook.com","46.23, 46.59, 95.38, 87.71, 48.14, 46.9, 46.89, 47.55, 85.73, 44.98","2026-06-27 07:49:20","10","59.61"
"74","OpenDNS Secondary DNS","www.google.com","46.51, 52.3, 48.05, 45.63, 84.9, 48.66, 45.21, 45.61, 47.4, 47.47","2026-06-27 07:49:20","10","51.17"
"75","OpenDNS Secondary DNS","www.amazon.com","122.02, 47.4, 47.84, 43.2, 48.98, 101.91, 47.22, 46.1, 46.2, 46.36","2026-06-27 07:49:21","10","59.72"
"76","OpenDNS Secondary DNS","www.nos.nl","45.41, 54.94, 157.74, 221.21, 311.03, 46.58, 93.03, 46.75, 50.99, 43.59","2026-06-27 07:49:22","10","107.13"
"77","OpenDNS Secondary DNS","www.bbc.co.uk","47.29, 46.62, 44.34, 46.12, 256.59, 50.88, 47.08, 45.44, 45.34, 143.25","2026-06-27 07:49:23","10","77.3"
"78","OpenDNS Secondary DNS","www.github.com","43.4, 48.57, 51.33, 42.04, 47.71, 45.63, 47.16, 45.93, 46.37, 47.55","2026-06-27 07:49:23","10","46.57"
"79","OpenDNS Secondary DNS","www.netflix.com","45.3, 46.82, 45.88, 47.5, 46.94, 53.39, 45.47, 45.37, 45.34, 46.54","2026-06-27 07:49:24","10","46.86"
"80","OpenDNS Secondary DNS","www.hbomax.com","45.91, 46.2, 46.65, 46.87, 47.08, 44.81, 48.3, 51.32, 48.75, 42.72","2026-06-27 07:49:24","10","46.86"
"81","AdGuard DNS Primary DNS","www.facebook.com","272.55, 45.93, 44.88, 45.9, 45.36, 44.47, 42.46, 45.44, 45.29, 45.07","2026-06-27 07:49:25","10","67.73"
"82","AdGuard DNS Primary DNS","www.google.com","82.59, 45.65, 46.76, 44.72, 46, 42.05, 46.3, 46.19, 45.64, 46.96","2026-06-27 07:49:25","10","49.29"
"83","AdGuard DNS Primary DNS","www.amazon.com","96.03, 45.26, 44.46, 46.11, 45.86, 46.45, 49.19, 44.44, 46.64, 46.43","2026-06-27 07:49:26","10","51.09"
"84","AdGuard DNS Primary DNS","www.nos.nl","180.91, 43.51, 46.21, 43.48, 47.24, 45.03, 46.54, 52.1, 49.4, 59.55","2026-06-27 07:49:27","10","61.4"
"85","AdGuard DNS Primary DNS","www.bbc.co.uk","815.56, 48.32, 46.83, 45.98, 45.33, 46.02, 45.39, 47.05, 45.5, 45.78","2026-06-27 07:49:28","10","123.18"
"86","AdGuard DNS Primary DNS","www.github.com","155.41, 45.76, 45.18, 45.64, 46, 46.63, 44.8, 47.84, 47.87, 45.66","2026-06-27 07:49:28","10","57.08"
"87","AdGuard DNS Primary DNS","www.netflix.com","48.11, 45.92, 45.3, 47.94, 47.97, 46.89, 48.22, 47.32, 43.18, 45.36","2026-06-27 07:49:29","10","46.62"
"88","AdGuard DNS Primary DNS","www.hbomax.com","352.12, 46.09, 41.73, 45.83, 45.84, 45.99, 44.2, 46.36, 45.85, 46.64","2026-06-27 07:49:30","10","76.06"
"89","Adguard DNS Secondary DNS","www.facebook.com","44.69, 46.98, 45.06, 47.91, 45.8, 46.03, 47.37, 47.43, 44.73, 50.01","2026-06-27 07:49:30","10","46.6"
"90","Adguard DNS Secondary DNS","www.google.com","48.92, 47.93, 49.12, 44.9, 48.87, 43.56, 47.05, 44.31, 46.67, 44.03","2026-06-27 07:49:31","10","46.54"
"91","Adguard DNS Secondary DNS","www.amazon.com","45.5, 41.37, 40.92, 45.24, 42.85, 41.45, 45.65, 47.06, 44.6, 48.55","2026-06-27 07:49:31","10","44.32"
"92","Adguard DNS Secondary DNS","www.nos.nl","46.09, 46.38, 45.55, 45.96, 46.63, 46.17, 46.12, 42.25, 45.05, 44.84","2026-06-27 07:49:32","10","45.5"
"93","Adguard DNS Secondary DNS","www.bbc.co.uk","44.87, 47.75, 46.11, 46.01, 45.69, 46.59, 46.65, 49.37, 51.43, 45.09","2026-06-27 07:49:32","10","46.96"
"94","Adguard DNS Secondary DNS","www.github.com","46.15, 46.11, 49.97, 45.64, 45.96, 45.8, 45.18, 44.56, 46.44, 44.22","2026-06-27 07:49:33","10","46"
"95","Adguard DNS Secondary DNS","www.netflix.com","45.14, 45.12, 45.92, 48.61, 47.88, 47.18, 47.42, 47.09, 45.8, 47.21","2026-06-27 07:49:33","10","46.74"
"96","Adguard DNS Secondary DNS","www.hbomax.com","46.19, 43.52, 46.02, 47.38, 50.36, 47.62, 45.43, 49.04, 42.98, 48.15","2026-06-27 07:49:34","10","46.67"
1,Cloudflare Primary DNS,www.facebook.com,"40.51, 51.11, 42.86, 50.91, 49.61, 47.46, 44.41, 46.04, 52.18, 42.84",2026-09-06 09:09:05,10,46.79
2,Cloudflare Primary DNS,www.google.com,"54.28, 48.55, 42.08, 52.46, 66.93, 49.39, 45.4, 51.39, 58.39, 45.29",2026-09-06 09:09:06,10,51.42
3,Cloudflare Primary DNS,www.amazon.com,"49.82, 44.42, 50.84, 47.22, 51.23, 54.2, 51.18, 51.26, 42.99, 52.07",2026-09-06 09:09:06,10,49.52
4,Cloudflare Primary DNS,www.nos.nl,"106.18, 68.61, 53.15, 52.92, 71.32, 55.63, 43.44, 44.09, 47.42, 91.97",2026-09-06 09:09:07,10,63.47
5,Cloudflare Primary DNS,www.bbc.co.uk,"43.02, 46.13, 46.47, 46.3, 44.5, 49.15, 45.58, 53.74, 46.38, 44.79",2026-09-06 09:09:07,10,46.6
6,Cloudflare Primary DNS,www.github.com,"52.1, 46.94, 44.14, 48.98, 51.07, 101.65, 42.67, 49.66, 50.13, 43.25",2026-09-06 09:09:08,10,53.06
7,Cloudflare Primary DNS,www.netflix.com,"52.17, 48.88, 46.41, 53.81, 52.93, 52.51, 64.57, 44.76, 48.05, 66.3",2026-09-06 09:09:08,10,53.04
8,Cloudflare Primary DNS,www.hbomax.com,"45.56, 38.73, 36.08, 47.66, 47.3, 53.6, 48.62, 50.1, 50.07, 47.47",2026-09-06 09:09:09,10,46.52
9,Cloudflare Secondary DNS,www.facebook.com,"50.04, 46.77, 46.62, 47.66, 50.45, 46.27, 47.04, 45.67, 49.31, 48.85",2026-09-06 09:09:09,10,47.87
10,Cloudflare Secondary DNS,www.google.com,"47.26, 46.5, 48.47, 47.91, 48.89, 40.49, 44.57, 43.38, 47.33, 48.92",2026-09-06 09:09:10,10,46.37
11,Cloudflare Secondary DNS,www.amazon.com,"51.79, 51.52, 49.47, 52.09, 48.16, 46.47, 51.97, 48.81, 48.91, 53.56",2026-09-06 09:09:10,10,50.28
12,Cloudflare Secondary DNS,www.nos.nl,"87.12, 59.79, 109.8, 38.08, 49.23, 47.88, 61.81, 62.85, 49.24, 36.93",2026-09-06 09:09:11,10,60.27
13,Cloudflare Secondary DNS,www.bbc.co.uk,"44.52, 50.04, 48.02, 51.91, 44.91, 52.38, 46.2, 47.82, 48.52, 57.38",2026-09-06 09:09:11,10,49.17
14,Cloudflare Secondary DNS,www.github.com,"45.96, 50.99, 46.81, 49.91, 49.3, 55.26, 56.54, 39.88, 44.63, 45.2",2026-09-06 09:09:12,10,48.45
15,Cloudflare Secondary DNS,www.netflix.com,"41.85, 52.02, 58.75, 51.0, 48.4, 51.86, 48.21, 45.24, 54.6, 50.41",2026-09-06 09:09:12,10,50.23
16,Cloudflare Secondary DNS,www.hbomax.com,"57.82, 48.6, 48.74, 49.5, 49.26, 54.98, 51.18, 48.82, 53.06, 49.69",2026-09-06 09:09:13,10,51.16
17,Google Primary DNS,www.facebook.com,"140.63, 137.53, 149.03, 141.15, 141.2, 138.93, 138.59, 134.91, 149.48, 138.91",2026-09-06 09:09:14,10,141.04
18,Google Primary DNS,www.google.com,"141.32, 149.48, 141.99, 129.47, 140.24, 148.58, 141.09, 145.85, 138.78, 147.84",2026-09-06 09:09:16,10,142.47
19,Google Primary DNS,www.amazon.com,"148.66, 133.8, 149.92, 142.47, 154.24, 147.75, 146.45, 140.76, 156.93, 141.0",2026-09-06 09:09:17,10,146.2
20,Google Primary DNS,www.nos.nl,"149.77, 144.57, 151.11, 159.45, 147.12, 142.37, 144.37, 143.35, 136.53, 142.03",2026-09-06 09:09:18,10,146.07
21,Google Primary DNS,www.bbc.co.uk,"138.79, 145.17, 375.62, 149.05, 158.76, 149.9, 139.7, 141.58, 141.91, 144.3",2026-09-06 09:09:20,10,168.48
22,Google Primary DNS,www.github.com,"140.94, 200.95, 141.12, 147.54, 143.23, 142.06, 138.65, 144.85, 135.45, 136.42",2026-09-06 09:09:22,10,147.12
23,Google Primary DNS,www.netflix.com,"144.74, 141.65, 132.67, 138.87, 136.62, 141.32, 138.97, 149.29, 126.65, 137.03",2026-09-06 09:09:23,10,138.78
24,Google Primary DNS,www.hbomax.com,"151.36, 144.65, 146.55, 139.82, 128.37, 142.15, 146.21, 142.59, 145.16, 140.51",2026-09-06 09:09:24,10,142.74
25,Google Secondary DNS,www.facebook.com,"145.32, 125.07, 137.22, 133.8, 142.39, 130.26, 137.8, 136.7, 148.24, 157.21",2026-09-06 09:09:26,10,139.4
26,Google Secondary DNS,www.google.com,"146.32, 138.5, 143.16, 139.36, 136.67, 143.19, 146.22, 140.95, 145.09, 139.79",2026-09-06 09:09:27,10,141.93
27,Google Secondary DNS,www.amazon.com,"148.29, 141.71, 140.04, 148.78, 145.89, 144.0, 226.75, 138.98, 144.23, 166.04",2026-09-06 09:09:29,10,154.47
28,Google Secondary DNS,www.nos.nl,"138.46, 162.39, 157.8, 150.62, 135.24, 134.74, 137.5, 148.26, 143.61, 146.24",2026-09-06 09:09:30,10,145.49
29,Google Secondary DNS,www.bbc.co.uk,"138.1, 145.27, 136.43, 136.48, 143.18, 147.58, 151.53, 133.11, 141.2, 144.07",2026-09-06 09:09:32,10,141.69
30,Google Secondary DNS,www.github.com,"147.86, 139.24, 152.27, 135.81, 146.33, 146.74, 153.73, 141.16, 128.07, 133.89",2026-09-06 09:09:33,10,142.51
31,Google Secondary DNS,www.netflix.com,"143.59, 145.27, 142.44, 130.72, 141.36, 145.56, 141.27, 135.02, 139.93, 143.1",2026-09-06 09:09:35,10,140.82
32,Google Secondary DNS,www.hbomax.com,"137.67, 138.32, 143.08, 152.97, 151.05, 143.99, 140.04, 150.02, 137.02, 147.08",2026-09-06 09:09:36,10,144.12
33,Quad9 Primary DNS,www.facebook.com,"122.9, 124.44, 121.39, 133.85, 146.88, 122.53, 122.07, 124.47, 126.87, 124.16",2026-09-06 09:09:37,10,126.96
34,Quad9 Primary DNS,www.google.com,"133.99, 137.18, 125.7, 133.69, 124.07, 129.99, 123.85, 119.54, 121.17, 129.61",2026-09-06 09:09:39,10,127.88
35,Quad9 Primary DNS,www.amazon.com,"133.02, 122.66, 129.81, 128.0, 129.09, 119.41, 122.13, 122.5, 136.4, 143.49",2026-09-06 09:09:40,10,128.65
36,Quad9 Primary DNS,www.nos.nl,"130.82, 138.56, 131.88, 135.1, 127.87, 128.96, 125.31, 137.18, 143.23, 122.35",2026-09-06 09:09:41,10,132.13
37,Quad9 Primary DNS,www.bbc.co.uk,"1000.05, 124.92, 123.31, 126.4, 132.08, 124.29, 130.72, 126.18, 126.66, 130.28",2026-09-06 09:09:43,10,214.49
38,Quad9 Primary DNS,www.github.com,"124.77, 130.68, 122.86, 134.58, 124.09, 124.36, 117.93, 128.87, 129.24, 127.08",2026-09-06 09:09:45,10,126.45
39,Quad9 Primary DNS,www.netflix.com,"130.16, 121.54, 136.98, 123.13, 130.68, 125.69, 124.73, 132.63, 125.75, 131.42",2026-09-06 09:09:46,10,128.27
40,Quad9 Primary DNS,www.hbomax.com,"122.12, 129.16, 132.93, 122.69, 126.64, 131.27, 129.94, 127.58, 127.82, 126.86",2026-09-06 09:09:47,10,127.7
41,Quad9 Secondary DNS,www.facebook.com,"126.49, 127.31, 116.41, 123.84, 123.8, 130.53, 123.39, 142.91, 139.76, 124.44",2026-09-06 09:09:48,10,127.89
42,Quad9 Secondary DNS,www.google.com,"131.07, 123.0, 129.44, 127.53, 146.53, 122.61, 136.32, 121.21, 133.56, 128.48",2026-09-06 09:09:50,10,129.97
43,Quad9 Secondary DNS,www.amazon.com,"125.75, 125.24, 127.14, 129.58, 125.27, 131.65, 128.41, 126.44, 127.22, 118.77",2026-09-06 09:09:51,10,126.55
44,Quad9 Secondary DNS,www.nos.nl,"127.74, 121.95, 130.83, 121.38, 137.04, 123.53, 132.68, 124.2, 124.34, 135.31",2026-09-06 09:09:52,10,127.9
45,Quad9 Secondary DNS,www.bbc.co.uk,"127.76, 128.99, 121.16, 131.69, 126.79, 132.79, 125.71, 124.34, 139.85, 136.81",2026-09-06 09:09:54,10,129.59
46,Quad9 Secondary DNS,www.github.com,"137.54, 119.95, 121.69, 127.73, 129.08, 146.73, 123.37, 133.84, 123.59, 132.38",2026-09-06 09:09:55,10,129.59
47,Quad9 Secondary DNS,www.netflix.com,"126.1, 121.49, 133.57, 124.96, 130.0, 126.83, 128.29, 128.09, 123.74, 135.1",2026-09-06 09:09:56,10,127.82
48,Quad9 Secondary DNS,www.hbomax.com,"122.03, 134.24, 124.84, 128.43, 127.1, 124.53, 135.93, 125.48, 129.45, 124.67",2026-09-06 09:09:57,10,127.67
49,NextDNS Primary DNS,www.facebook.com,"45.17, 47.0, 49.91, 52.57, 52.84, 46.56, 44.63, 50.04, 52.32, 48.57",2026-09-06 09:09:58,10,48.96
50,NextDNS Primary DNS,www.google.com,"45.09, 43.76, 47.99, 48.39, 64.42, 47.27, 49.36, 46.83, 52.11, 54.01",2026-09-06 09:09:58,10,49.92
51,NextDNS Primary DNS,www.amazon.com,"48.66, 47.2, 63.39, 36.5, 48.82, 49.96, 46.7, 51.03, 46.74, 53.11",2026-09-06 09:09:59,10,49.21
52,NextDNS Primary DNS,www.nos.nl,"55.27, 51.32, 50.19, 41.71, 51.96, 46.86, 50.08, 46.05, 50.37, 45.47",2026-09-06 09:09:59,10,48.93
53,NextDNS Primary DNS,www.bbc.co.uk,"117.28, 60.65, 47.26, 46.44, 40.75, 49.92, 51.64, 39.37, 52.26, 52.71",2026-09-06 09:10:00,10,55.83
54,NextDNS Primary DNS,www.github.com,"48.9, 49.02, 46.86, 52.17, 47.55, 51.83, 43.88, 49.3, 54.39, 50.18",2026-09-06 09:10:00,10,49.41
55,NextDNS Primary DNS,www.netflix.com,"47.28, 47.94, 50.83, 52.49, 46.31, 47.91, 58.88, 52.25, 60.89, 67.06",2026-09-06 09:10:01,10,53.18
56,NextDNS Primary DNS,www.hbomax.com,"129.38, 47.53, 42.54, 48.83, 57.56, 45.22, 80.06, 54.5, 52.22, 49.74",2026-09-06 09:10:02,10,60.76
57,NextDNS Secondary DNS,www.facebook.com,"97.93, 49.0, 45.73, 48.17, 47.92, 52.18, 46.42, 53.3, 49.68, 52.4",2026-09-06 09:10:02,10,54.27
58,NextDNS Secondary DNS,www.google.com,"46.61, 53.26, 47.58, 56.27, 48.54, 47.45, 48.83, 53.08, 47.68, 51.33",2026-09-06 09:10:03,10,50.06
59,NextDNS Secondary DNS,www.amazon.com,"42.7, 53.16, 43.88, 46.88, 49.71, 47.49, 46.07, 52.47, 45.03, 46.82",2026-09-06 09:10:03,10,47.42
60,NextDNS Secondary DNS,www.nos.nl,"158.49, 52.64, 48.07, 43.67, 37.36, 39.95, 53.19, 45.63, 45.26, 55.23",2026-09-06 09:10:04,10,57.95
61,NextDNS Secondary DNS,www.bbc.co.uk,"510.23, 60.94, 49.37, 51.55, 42.86, 49.56, 46.88, 43.59, 55.98, 45.27",2026-09-06 09:10:05,10,95.62
62,NextDNS Secondary DNS,www.github.com,"52.89, 61.75, 46.03, 54.1, 44.38, 58.69, 56.26, 46.64, 46.55, 50.1",2026-09-06 09:10:05,10,51.74
63,NextDNS Secondary DNS,www.netflix.com,"42.83, 48.3, 54.12, 43.18, 49.75, 74.38, 45.77, 50.82, 44.03, 51.85",2026-09-06 09:10:06,10,50.5
64,NextDNS Secondary DNS,www.hbomax.com,"120.27, 49.89, 39.0, 45.17, 51.48, 44.75, 48.42, 50.55, 51.68, 44.48",2026-09-06 09:10:06,10,54.57
65,OpenDNS Primary DNS,www.facebook.com,"49.5, 50.42, 46.66, 51.84, 46.42, 46.54, 46.31, 46.34, 53.5, 53.98",2026-09-06 09:10:07,10,49.15
66,OpenDNS Primary DNS,www.google.com,"55.38, 53.37, 91.52, 51.74, 45.2, 46.4, 83.86, 36.16, 51.0, 50.72",2026-09-06 09:10:07,10,56.53
67,OpenDNS Primary DNS,www.amazon.com,"221.09, 142.51, 50.08, 59.15, 51.57, 56.19, 99.89, 53.88, 51.15, 52.63",2026-09-06 09:10:08,10,83.81
68,OpenDNS Primary DNS,www.nos.nl,"206.3, 69.47, 186.05, 57.91, 211.6, 210.39, 265.73, 50.07, 49.99, 43.75",2026-09-06 09:10:09,10,135.13
69,OpenDNS Primary DNS,www.bbc.co.uk,"42.65, 1723.23, 42.93, 55.9, 161.01, 1089.58, 181.11, 252.37, 48.39, 258.02",2026-09-06 09:10:13,10,385.52
70,OpenDNS Primary DNS,www.github.com,"51.07, 60.33, 56.66, 48.92, 44.88, 46.29, 130.96, 96.08, 56.03, 65.16",2026-09-06 09:10:14,10,65.64
71,OpenDNS Primary DNS,www.netflix.com,"44.91, 50.42, 42.62, 42.58, 46.36, 45.11, 52.48, 46.08, 51.74, 45.42",2026-09-06 09:10:14,10,46.77
72,OpenDNS Primary DNS,www.hbomax.com,"44.85, 51.75, 48.47, 53.02, 261.12, 63.97, 39.0, 43.03, 47.4, 49.22",2026-09-06 09:10:15,10,70.18
73,OpenDNS Secondary DNS,www.facebook.com,"50.15, 48.82, 46.6, 49.84, 123.7, 44.2, 48.94, 41.84, 46.08, 50.99",2026-09-06 09:10:16,10,55.12
74,OpenDNS Secondary DNS,www.google.com,"47.13, 57.1, 45.17, 50.72, 48.52, 47.49, 52.17, 47.65, 48.66, 44.19",2026-09-06 09:10:16,10,48.88
75,OpenDNS Secondary DNS,www.amazon.com,"53.74, 93.19, 59.41, 52.95, 41.52, 184.66, 69.34, 50.71, 55.24, 42.27",2026-09-06 09:10:17,10,70.3
76,OpenDNS Secondary DNS,www.nos.nl,"48.65, 48.79, 57.77, 46.3, 142.98, 53.99, 344.46, 47.45, 42.15, 62.19",2026-09-06 09:10:18,10,89.47
77,OpenDNS Secondary DNS,www.bbc.co.uk,"45.35, 46.56, 58.07, 49.4, 45.26, 48.02, 49.14, 46.13, 50.58, 46.94",2026-09-06 09:10:18,10,48.54
78,OpenDNS Secondary DNS,www.github.com,"45.3, 47.68, 97.47, 37.96, 40.0, 35.99, 49.23, 45.24, 48.14, 49.18",2026-09-06 09:10:19,10,49.62
79,OpenDNS Secondary DNS,www.netflix.com,"47.91, 45.69, 49.35, 44.38, 47.19, 48.63, 49.82, 48.19, 39.76, 58.93",2026-09-06 09:10:19,10,47.99
80,OpenDNS Secondary DNS,www.hbomax.com,"46.02, 40.35, 140.44, 65.52, 56.42, 46.67, 46.95, 48.1, 172.24, 51.81",2026-09-06 09:10:20,10,71.45
81,AdGuard DNS Primary DNS,www.facebook.com,"47.62, 53.97, 50.54, 47.53, 42.21, 52.26, 45.51, 46.03, 48.44, 47.55",2026-09-06 09:10:20,10,48.17
82,AdGuard DNS Primary DNS,www.google.com,"46.26, 51.47, 44.87, 52.34, 49.38, 44.74, 46.28, 53.97, 58.38, 52.45",2026-09-06 09:10:21,10,50.01
83,AdGuard DNS Primary DNS,www.amazon.com,"111.35, 48.01, 50.87, 48.8, 48.21, 51.26, 53.29, 49.82, 45.92, 47.62",2026-09-06 09:10:21,10,55.51
84,AdGuard DNS Primary DNS,www.nos.nl,"116.4, 41.59, 48.23, 53.62, 50.63, 43.99, 45.55, 47.18, 46.79, 52.49",2026-09-06 09:10:22,10,54.65
85,AdGuard DNS Primary DNS,www.bbc.co.uk,"1167.13, 39.37, 42.72, 47.88, 42.49, 54.14, 49.84, 50.96, 54.97, 84.01",2026-09-06 09:10:24,10,163.35
86,AdGuard DNS Primary DNS,www.github.com,"258.67, 47.31, 49.22, 50.47, 58.26, 47.93, 42.19, 48.44, 49.59, 50.02",2026-09-06 09:10:24,10,70.21
87,AdGuard DNS Primary DNS,www.netflix.com,"49.37, 46.07, 54.24, 56.31, 47.19, 44.12, 53.65, 45.05, 52.13 (1 failures)",2026-09-06 09:10:27,10,49.79
88,AdGuard DNS Primary DNS,www.hbomax.com,"88.04, 58.15, 42.88, 41.33, 50.87, 61.84, 49.36, 45.49, 46.96, 49.77",2026-09-06 09:10:27,10,53.47
89,Adguard DNS Secondary DNS,www.facebook.com,"49.29, 63.93, 40.72, 58.54, 47.21, 50.8, 43.46, 50.75, 41.45, 43.08",2026-09-06 09:10:28,10,48.92
90,Adguard DNS Secondary DNS,www.google.com,"59.6, 48.26, 59.33, 50.22, 46.73, 45.71, 44.16, 47.24, 49.84, 49.02",2026-09-06 09:10:28,10,50.01
91,Adguard DNS Secondary DNS,www.amazon.com,"48.33, 49.8, 47.26, 50.28, 52.33, 47.15, 50.57, 46.39, 44.14, 53.93",2026-09-06 09:10:29,10,49.02
92,Adguard DNS Secondary DNS,www.nos.nl,"45.41, 46.2, 49.06, 49.39, 45.02, 49.88, 45.35, 46.05, 45.56, 37.06",2026-09-06 09:10:29,10,45.9
93,Adguard DNS Secondary DNS,www.bbc.co.uk,"47.94, 46.34, 50.24, 42.94, 48.54, 49.79, 51.22, 50.06, 52.22, 52.93",2026-09-06 09:10:30,10,49.22
94,Adguard DNS Secondary DNS,www.github.com,"47.77, 50.32, 52.36, 46.25, 44.08, 50.21, 51.13, 47.28, 51.16, 46.15",2026-09-06 09:10:30,10,48.67
95,Adguard DNS Secondary DNS,www.netflix.com,"47.35, 51.21, 45.66, 62.73, 45.41, 50.76, 49.57, 50.54, 46.03, 41.78",2026-09-06 09:10:31,10,49.11
96,Adguard DNS Secondary DNS,www.hbomax.com,"53.46, 43.14, 49.15, 49.8, 47.37, 50.56, 44.58, 44.05, 40.29, 39.08",2026-09-06 09:10:31,10,46.15
1,Cloudflare Primary DNS,www.facebook.com,"45.86, 40.98, 40.78, 40.77, 41.23, 41.82, 39.3, 45.07, 40.59, 45.98",2026-09-06 09:24:53,10,42.24
2,Cloudflare Primary DNS,www.google.com,"40.3, 40.36, 41.58, 40.17, 45.74, 41.94, 43.67, 44.91, 42.14, 44.86",2026-09-06 09:24:53,10,42.57
3,Cloudflare Primary DNS,www.amazon.com,"38.96, 40.71, 40.21, 41.47, 42.09, 41.71, 39.49, 41.77, 42.93, 45.44",2026-09-06 09:24:53,10,41.48
4,Cloudflare Primary DNS,www.nos.nl,"76.71, 49.82, 156.36, 48.87, 57.92, 41.9, 48.77, 43.03, 39.92, 51.7",2026-09-06 09:24:53,10,61.5
5,Cloudflare Primary DNS,www.bbc.co.uk,"41.61, 39.92, 40.39, 42.14, 42.93, 41.48, 40.23, 43.11, 40.69, 48.22",2026-09-06 09:24:53,10,42.07
6,Cloudflare Primary DNS,www.github.com,"41.27, 41.24, 39.79, 48.86, 40.79, 47.19, 40.83, 44.62, 49.33, 44.69",2026-09-06 09:24:53,10,43.86
7,Cloudflare Primary DNS,www.netflix.com,"45.5, 41.33, 39.55, 41.03, 39.8, 43.98, 40.53, 40.7, 42.35, 44.25",2026-09-06 09:24:53,10,41.9
8,Cloudflare Primary DNS,www.hbomax.com,"41.48, 45.76, 41.32, 43.79, 41.1, 48.78, 40.66, 45.21, 39.66, 41.64",2026-09-06 09:24:53,10,42.94
9,Cloudflare Secondary DNS,www.facebook.com,"41.06, 42.86, 39.05, 41.95, 39.53, 44.38, 41.49, 43.09, 45.16, 43.69",2026-09-06 09:24:53,10,42.23
10,Cloudflare Secondary DNS,www.google.com,"41.99, 41.31, 40.95, 40.07, 41.67, 43.8, 39.55, 40.77, 40.87, 46.83",2026-09-06 09:24:53,10,41.78
11,Cloudflare Secondary DNS,www.amazon.com,"40.7, 46.79, 40.45, 40.4, 42.27, 43.73, 42.1, 41.94, 39.85, 41.57",2026-09-06 09:24:53,10,41.98
12,Cloudflare Secondary DNS,www.nos.nl,"50.58, 229.4, 39.55, 43.15, 52.95, 48.75, 41.7, 46.81, 40.61, 51.48",2026-09-06 09:24:53,10,64.5
13,Cloudflare Secondary DNS,www.bbc.co.uk,"40.93, 41.08, 44.75, 41.69, 42.22, 44.69, 41.49, 47.06, 40.43, 43.58",2026-09-06 09:24:53,10,42.79
14,Cloudflare Secondary DNS,www.github.com,"42.14, 42.26, 43.06, 41.35, 42.29, 41.34, 41.93, 41.98, 41.39, 42.22",2026-09-06 09:24:53,10,42.0
15,Cloudflare Secondary DNS,www.netflix.com,"41.63, 39.7, 41.52, 42.05, 39.96, 40.89, 41.61, 41.0, 40.8, 40.83",2026-09-06 09:24:53,10,41.0
16,Cloudflare Secondary DNS,www.hbomax.com,"47.69, 39.75, 41.14, 39.97, 48.87, 46.67, 40.61, 45.11, 40.8, 48.17",2026-09-06 09:24:53,10,43.88
17,Google Primary DNS,www.facebook.com,"130.7, 130.97, 130.13, 131.64, 130.43, 135.76, 132.61, 131.1, 128.98, 133.08",2026-09-06 09:24:53,10,131.54
18,Google Primary DNS,www.google.com,"131.11, 130.83, 130.35, 131.43, 130.88, 129.6, 133.61, 136.52, 131.37, 130.34",2026-09-06 09:24:53,10,131.6
19,Google Primary DNS,www.amazon.com,"140.12, 208.71, 130.11, 130.69, 133.59, 136.06, 129.4, 131.11, 131.69, 130.29",2026-09-06 09:24:53,10,140.18
20,Google Primary DNS,www.nos.nl,"146.13, 145.46, 129.87, 131.9, 147.46, 131.58, 131.99, 138.69, 131.08, 130.34",2026-09-06 09:24:53,10,136.45
21,Google Primary DNS,www.bbc.co.uk,"137.1, 140.34, 136.81, 131.07, 131.24, 134.87, 135.74, 134.71, 131.96, 131.27",2026-09-06 09:24:53,10,134.51
22,Google Primary DNS,www.github.com,"137.42, 137.45, 134.85, 130.0, 132.59, 132.59, 137.93, 131.0, 130.82, 130.58",2026-09-06 09:24:53,10,133.52
23,Google Primary DNS,www.netflix.com,"130.53, 130.91, 129.78, 130.54, 131.68, 130.64, 130.28, 129.51, 129.21, 129.7",2026-09-06 09:24:53,10,130.28
24,Google Primary DNS,www.hbomax.com,"135.4, 131.56, 134.5, 134.72, 133.93, 130.64, 136.1, 131.95, 135.21, 138.16",2026-09-06 09:24:53,10,134.22
25,Google Secondary DNS,www.facebook.com,"133.49, 129.91, 134.11, 238.97, 130.32, 130.85, 131.59, 132.7, 130.4, 131.1",2026-09-06 09:24:53,10,142.34
26,Google Secondary DNS,www.google.com,"129.68, 129.5, 136.54, 136.94, 130.08, 131.74, 136.54, 130.65, 129.81, 132.0",2026-09-06 09:24:53,10,132.35
27,Google Secondary DNS,www.amazon.com,"142.59, 138.09, 137.73, 130.85, 131.15, 132.98, 132.02, 138.93, 132.6, 145.16",2026-09-06 09:24:53,10,136.21
28,Google Secondary DNS,www.nos.nl,"149.0, 131.16, 145.63, 141.01, 133.49, 131.2, 130.64, 130.91, 131.06, 130.95",2026-09-06 09:24:53,10,135.5
29,Google Secondary DNS,www.bbc.co.uk,"134.52, 138.97, 130.4, 131.38, 131.79, 137.36, 133.14, 130.77, 131.73, 131.2",2026-09-06 09:24:53,10,133.13
30,Google Secondary DNS,www.github.com,"138.18, 130.89, 129.67, 131.19, 143.86, 132.58, 130.57, 130.81, 131.78, 138.87",2026-09-06 09:24:53,10,133.84
31,Google Secondary DNS,www.netflix.com,"130.32, 135.3, 130.16, 134.38, 129.82, 129.12, 132.85, 129.52, 129.43, 135.7",2026-09-06 09:24:53,10,131.66
32,Google Secondary DNS,www.hbomax.com,"134.61, 131.65, 132.01, 141.26, 130.79, 132.46, 134.34, 135.44, 131.41, 131.79",2026-09-06 09:24:53,10,133.57
33,Quad9 Primary DNS,www.facebook.com,"125.3, 121.84, 122.08, 120.53, 121.74, 120.44, 123.88, 119.97, 121.55, 122.07",2026-09-06 09:24:53,10,121.94
34,Quad9 Primary DNS,www.google.com,"121.27, 120.29, 121.3, 123.88, 119.6, 125.23, 125.81, 120.56, 119.88, 121.39",2026-09-06 09:24:53,10,121.92
35,Quad9 Primary DNS,www.amazon.com,"120.18, 121.3, 120.16, 120.51, 121.11, 123.82, 119.45, 120.83, 125.74, 121.53",2026-09-06 09:24:53,10,121.46
36,Quad9 Primary DNS,www.nos.nl,"267.99, 121.25, 120.85, 121.26, 121.45, 124.86, 124.71, 122.86, 266.26, 120.26",2026-09-06 09:24:53,10,151.18
37,Quad9 Primary DNS,www.bbc.co.uk,"119.31, 121.39, 120.18, 120.39, 119.33, 119.5, 125.07, 122.24, 835.82, 119.83",2026-09-06 09:24:53,10,192.31
38,Quad9 Primary DNS,www.github.com,"119.63, 121.23, 124.94, 119.14, 119.89, 120.05, 119.15, 121.3, 120.31, 124.17",2026-09-06 09:24:53,10,120.98
39,Quad9 Primary DNS,www.netflix.com,"119.96, 120.92, 120.28, 119.05, 120.94, 119.46, 120.25, 119.53, 120.85, 120.05",2026-09-06 09:24:53,10,120.13
40,Quad9 Primary DNS,www.hbomax.com,"120.24, 123.13, 119.08, 119.47, 122.27, 120.07, 125.81, 120.36, 124.68, 125.06",2026-09-06 09:24:53,10,122.02
41,Quad9 Secondary DNS,www.facebook.com,"120.12, 126.12, 119.41, 120.2, 120.15, 118.77, 120.42, 119.42, 120.67, 120.18",2026-09-06 09:24:53,10,120.55
42,Quad9 Secondary DNS,www.google.com,"121.19, 122.05, 119.86, 120.36, 122.18, 123.9, 125.86, 120.38, 121.92, 121.2",2026-09-06 09:24:53,10,121.89
43,Quad9 Secondary DNS,www.amazon.com,"123.07, 119.99, 126.29, 121.36, 120.84, 121.26, 119.75, 124.56, 123.92, 119.48",2026-09-06 09:24:53,10,122.05
44,Quad9 Secondary DNS,www.nos.nl,"266.67, 119.58, 120.34, 120.7, 119.8, 119.42, 120.18, 119.93, 128.05, 120.56",2026-09-06 09:24:53,10,135.52
45,Quad9 Secondary DNS,www.bbc.co.uk,"270.2, 120.79, 122.21, 120.24, 121.7, 122.46, 125.76, 122.03, 121.1, 120.03",2026-09-06 09:24:53,10,136.65
46,Quad9 Secondary DNS,www.github.com,"120.91, 123.21, 121.1, 119.62, 123.63, 126.11, 124.81, 119.29, 127.38, 121.0",2026-09-06 09:24:53,10,122.71
47,Quad9 Secondary DNS,www.netflix.com,"120.49, 119.0, 126.18, 120.36, 121.74, 120.82, 121.84, 119.87, 121.06, 121.13",2026-09-06 09:24:53,10,121.25
48,Quad9 Secondary DNS,www.hbomax.com,"268.66, 121.36, 120.34, 121.78, 120.25, 120.28, 125.1, 124.4, 119.95, 120.16",2026-09-06 09:24:53,10,136.23
49,NextDNS Primary DNS,www.facebook.com,"41.48, 40.92, 40.21, 40.37, 40.35, 48.46, 40.19, 39.9, 45.68, 39.59",2026-09-06 09:24:53,10,41.72
50,NextDNS Primary DNS,www.google.com,"39.84, 42.9, 44.85, 39.47, 47.3, 42.1, 45.37, 41.15, 41.87, 44.46",2026-09-06 09:24:53,10,42.93
51,NextDNS Primary DNS,www.amazon.com,"41.42, 40.75, 45.12, 39.07, 41.63, 41.01, 40.33, 44.1, 40.99, 42.7",2026-09-06 09:24:53,10,41.71
52,NextDNS Primary DNS,www.nos.nl,"76.01, 41.86, 42.96, 40.25, 41.36, 39.47, 39.73, 44.65, 40.17, 40.23",2026-09-06 09:24:53,10,44.67
53,NextDNS Primary DNS,www.bbc.co.uk,"733.59, 40.2, 41.73, 41.38, 39.75, 40.41, 40.73, 46.26, 40.79, 40.05",2026-09-06 09:24:53,10,110.49
54,NextDNS Primary DNS,www.github.com,"39.92, 40.91, 40.82, 40.41, 42.6, 39.5, 40.65, 40.04, 40.95, 45.9",2026-09-06 09:24:53,10,41.17
55,NextDNS Primary DNS,www.netflix.com,"41.8, 40.5, 40.19, 39.79, 40.63, 40.52, 40.68, 39.66, 53.36, 42.41",2026-09-06 09:24:53,10,41.95
56,NextDNS Primary DNS,www.hbomax.com,"46.61, 43.57, 39.5, 39.06, 40.47, 46.46, 39.07, 40.79, 40.92, 40.99",2026-09-06 09:24:53,10,41.74
57,NextDNS Secondary DNS,www.facebook.com,"41.52, 40.81, 40.34, 47.72, 44.55, 39.95, 43.8, 39.52, 40.97, 39.96",2026-09-06 09:24:53,10,41.91
58,NextDNS Secondary DNS,www.google.com,"39.86, 40.34, 40.12, 40.32, 46.09, 39.03, 40.38, 39.61, 39.86, 39.67",2026-09-06 09:24:53,10,40.53
59,NextDNS Secondary DNS,www.amazon.com,"44.63, 99.13, 39.54, 39.08, 46.62, 43.95, 39.8, 41.32, 41.36, 39.99",2026-09-06 09:24:53,10,47.54
60,NextDNS Secondary DNS,www.nos.nl,"148.03, 39.53, 39.75, 41.45, 40.15, 39.64, 40.0, 39.75, 44.34, 40.59",2026-09-06 09:24:53,10,51.32
61,NextDNS Secondary DNS,www.bbc.co.uk,"43.38, 39.24, 45.41, 39.65, 43.8, 41.25, 43.95, 40.24, 45.53, 39.69",2026-09-06 09:24:53,10,42.21
62,NextDNS Secondary DNS,www.github.com,"44.13, 43.67, 42.56, 40.88, 40.25, 39.01, 39.35, 39.57, 39.3, 40.23",2026-09-06 09:24:53,10,40.9
63,NextDNS Secondary DNS,www.netflix.com,"39.22, 43.29, 41.17, 42.15, 40.38, 39.05, 40.88, 40.91, 40.33, 39.56",2026-09-06 09:24:53,10,40.69
64,NextDNS Secondary DNS,www.hbomax.com,"46.71, 46.45, 40.62, 41.13, 40.42, 43.16, 42.35, 40.65, 42.68, 40.42",2026-09-06 09:24:53,10,42.46
65,OpenDNS Primary DNS,www.facebook.com,"90.96, 41.48, 39.25, 46.32, 41.37, 46.45, 39.77, 42.81, 39.89, 40.79",2026-09-06 09:24:53,10,46.91
66,OpenDNS Primary DNS,www.google.com,"43.85, 40.17, 75.82, 39.49, 40.56, 77.36, 39.79, 41.12, 44.22, 40.11",2026-09-06 09:24:53,10,48.25
67,OpenDNS Primary DNS,www.amazon.com,"44.7, 40.46, 47.39, 97.46, 116.5, 48.71, 40.27, 51.8, 45.51, 50.97",2026-09-06 09:24:53,10,58.38
68,OpenDNS Primary DNS,www.nos.nl,"98.03, 47.7, 220.44, 39.92, 39.91, 121.5, 39.91, 41.71, 39.57, 39.1",2026-09-06 09:24:53,10,72.78
69,OpenDNS Primary DNS,www.bbc.co.uk,"41.76, 146.52, 450.04, 850.84, 43.55, 40.61, 40.07, 41.8, 39.82, 40.75",2026-09-06 09:24:53,10,173.58
70,OpenDNS Primary DNS,www.github.com,"47.27, 142.49, 49.83, 39.61, 46.31, 95.97, 42.62, 43.76, 40.05, 39.08",2026-09-06 09:24:53,10,58.7
71,OpenDNS Primary DNS,www.netflix.com,"41.14, 44.57, 40.74, 39.71, 40.53, 38.42, 43.98, 40.14, 41.47, 68.46",2026-09-06 09:24:53,10,43.91
72,OpenDNS Primary DNS,www.hbomax.com,"142.76, 41.3, 41.73, 39.75, 42.16, 42.44, 43.21, 40.76, 43.47, 118.2",2026-09-06 09:24:53,10,59.58
73,OpenDNS Secondary DNS,www.facebook.com,"119.66, 88.92, 41.24, 96.3, 40.94, 40.69, 41.21, 39.72, 38.9, 40.69",2026-09-06 09:24:53,10,58.83
74,OpenDNS Secondary DNS,www.google.com,"47.66, 79.9, 42.8, 39.9, 42.58, 38.6, 40.0, 40.79, 39.05, 39.12",2026-09-06 09:24:53,10,45.04
75,OpenDNS Secondary DNS,www.amazon.com,"50.36, 40.33, 39.47, 49.65, 38.28, 45.11, 118.88, 40.88, 168.08, 38.77",2026-09-06 09:24:53,10,62.98
76,OpenDNS Secondary DNS,www.nos.nl,"261.48, 323.85, 47.81, 179.82, 98.31, 48.72, 39.82, 38.87, 51.76, 39.83",2026-09-06 09:24:53,10,113.03
77,OpenDNS Secondary DNS,www.bbc.co.uk,"1493.15, 38.82, 247.95, 41.21, 46.84, 41.66, 44.39, 39.53, 43.94, 39.79",2026-09-06 09:24:53,10,207.73
78,OpenDNS Secondary DNS,www.github.com,"43.71, 45.05, 89.23, 43.04, 41.11, 39.8, 39.47, 38.72, 50.99, 39.45",2026-09-06 09:24:53,10,47.06
79,OpenDNS Secondary DNS,www.netflix.com,"43.04, 42.35, 39.14, 40.24, 43.39, 40.33, 41.0, 40.33, 40.69, 39.42",2026-09-06 09:24:53,10,40.99
80,OpenDNS Secondary DNS,www.hbomax.com,"42.89, 44.87, 43.35, 38.56, 39.46, 40.7, 41.27, 42.61, 91.3, 43.34",2026-09-06 09:24:53,10,46.84
81,AdGuard DNS Primary DNS,www.facebook.com,"152.95, 40.52, 38.97, 42.2, 41.22, 41.8, 39.56, 38.69, 47.28, 254.08",2026-09-06 09:24:53,10,73.73
82,AdGuard DNS Primary DNS,www.google.com,"43.51, 39.0, 40.01, 39.74, 39.71, 40.2, 39.21, 38.56, 39.04, 39.51",2026-09-06 09:24:53,10,39.85
83,AdGuard DNS Primary DNS,www.amazon.com,"158.5, 43.51, 40.71, 45.85, 39.91, 38.78, 41.92, 40.25, 45.9, 170.88",2026-09-06 09:24:53,10,66.62
84,AdGuard DNS Primary DNS,www.nos.nl,"51.62, 39.57, 40.08, 41.46, 39.41, 42.2, 45.8, 42.28, 38.08, 39.1",2026-09-06 09:24:53,10,41.96
85,AdGuard DNS Primary DNS,www.bbc.co.uk,"701.14, 42.69, 44.47, 39.15, 39.96, 39.0, 44.47, 45.84, 39.89, 40.03",2026-09-06 09:24:53,10,107.66
86,AdGuard DNS Primary DNS,www.github.com,"184.42, 40.19, 42.23, 40.53, 39.48, 39.95, 41.59, 38.24, 48.22, 45.8",2026-09-06 09:24:53,10,56.07
87,AdGuard DNS Primary DNS,www.netflix.com,"40.02, 41.06, 39.37, 39.27, 39.39, 39.82, 39.98, 41.52, 47.44, 39.81",2026-09-06 09:24:53,10,40.77
88,AdGuard DNS Primary DNS,www.hbomax.com,"73.87, 41.03, 39.51, 42.75, 40.33, 40.22, 42.47, 38.36, 39.78, 43.02",2026-09-06 09:24:53,10,44.13
89,Adguard DNS Secondary DNS,www.facebook.com,"40.95, 39.94, 40.58, 45.78, 39.7, 39.65, 40.78, 39.7, 42.87, 39.29",2026-09-06 09:24:53,10,40.92
90,Adguard DNS Secondary DNS,www.google.com,"39.89, 41.92, 40.56, 43.69, 40.61, 39.52, 39.83, 39.5, 41.27, 39.65",2026-09-06 09:24:53,10,40.64
91,Adguard DNS Secondary DNS,www.amazon.com,"45.52, 39.76, 39.97, 44.22, 40.02, 38.66, 44.4, 43.95, 41.17, 39.58",2026-09-06 09:24:53,10,41.72
92,Adguard DNS Secondary DNS,www.nos.nl,"50.52, 43.39, 39.82, 40.74, 44.51, 40.68, 45.17, 40.06, 41.51, 39.59",2026-09-06 09:24:53,10,42.6
93,Adguard DNS Secondary DNS,www.bbc.co.uk,"40.34, 39.73, 42.87, 39.1, 40.19, 41.49, 44.66, 39.98, 45.9, 39.91",2026-09-06 09:24:53,10,41.42
94,Adguard DNS Secondary DNS,www.github.com,"39.97, 38.42, 40.04, 39.49, 38.13, 39.83, 40.28, 41.36, 43.33, 38.9",2026-09-06 09:24:53,10,39.97
95,Adguard DNS Secondary DNS,www.netflix.com,"39.7, 41.36, 38.53, 39.67, 47.65, 39.51, 40.98, 39.52, 54.43, 40.39",2026-09-06 09:24:53,10,42.17
96,Adguard DNS Secondary DNS,www.hbomax.com,"38.88, 42.06, 39.35, 40.04, 41.57, 39.48, 40.27, 39.14, 43.05, 43.27",2026-09-06 09:24:53,10,40.71
1,Cloudflare Primary DNS,www.facebook.com,"41.28, 40.9, 44.87, 42.43, 43.77, 41.79, 44.0, 41.94, 39.75, 42.09",2026-09-06 09:35:26,10,42.28
2,Cloudflare Primary DNS,www.google.com,"40.06, 40.22, 39.99, 45.17, 42.99, 40.39, 43.62, 41.67, 39.46, 46.09",2026-09-06 09:35:26,10,41.97
3,Cloudflare Primary DNS,www.amazon.com,"38.87, 39.59, 42.72, 41.37, 44.8, 39.69, 39.67, 41.01, 39.92, 42.92",2026-09-06 09:35:26,10,41.06
4,Cloudflare Primary DNS,www.nos.nl,"47.29, 57.9, 48.87, 51.95, 43.36, 48.71, 40.66, 48.37, 62.0, 54.72",2026-09-06 09:35:26,10,50.38
5,Cloudflare Primary DNS,www.bbc.co.uk,"43.22, 42.47, 41.04, 47.24, 42.58, 41.86, 42.77, 41.66, 41.15, 45.27",2026-09-06 09:35:26,10,42.92
6,Cloudflare Primary DNS,www.github.com,"41.73, 42.87, 43.55, 46.61, 48.24, 41.0, 41.62, 44.79, 40.51, 45.09",2026-09-06 09:35:26,10,43.6
7,Cloudflare Primary DNS,www.netflix.com,"41.04, 40.53, 42.15, 45.85, 41.57, 44.88, 41.86, 45.1, 41.27, 45.97",2026-09-06 09:35:26,10,43.02
8,Cloudflare Primary DNS,www.hbomax.com,"41.56, 45.51, 43.5, 41.62, 42.42, 42.42, 47.75, 40.68, 40.89, 40.93",2026-09-06 09:35:26,10,42.73
9,Cloudflare Primary DNS,protonvpn.com,"40.0, 40.94, 44.41, 41.35, 43.83, 40.0, 43.19, 40.46, 45.96, 47.27",2026-09-06 09:35:26,10,42.74
10,Cloudflare Primary DNS,www.ajax.nl,"51.52, 49.29, 48.47, 51.01, 51.03, 44.39, 44.79, 44.01, 43.44, 50.26",2026-09-06 09:35:26,10,47.82
11,Cloudflare Secondary DNS,www.facebook.com,"39.48, 42.28, 47.36, 38.97, 40.52, 40.84, 41.8, 41.26, 43.0, 40.33",2026-09-06 09:35:26,10,41.58
12,Cloudflare Secondary DNS,www.google.com,"43.93, 44.07, 45.49, 43.05, 43.46, 41.0, 47.13, 41.67, 40.49, 40.51",2026-09-06 09:35:26,10,43.08
13,Cloudflare Secondary DNS,www.amazon.com,"40.19, 39.29, 42.02, 42.66, 46.44, 40.07, 39.73, 41.18, 40.12, 39.36",2026-09-06 09:35:26,10,41.11
14,Cloudflare Secondary DNS,www.nos.nl,"51.89, 49.96, 39.06, 42.2, 42.19, 47.84, 51.74, 40.92, 52.61, 56.33",2026-09-06 09:35:26,10,47.47
15,Cloudflare Secondary DNS,www.bbc.co.uk,"46.42, 46.01, 43.41, 47.09, 44.43, 48.34, 39.54, 47.32, 46.7, 41.02",2026-09-06 09:35:26,10,45.03
16,Cloudflare Secondary DNS,www.github.com,"42.45, 42.58, 42.14, 41.45, 45.12, 41.68, 44.94, 40.52, 41.23, 48.04",2026-09-06 09:35:26,10,43.01
17,Cloudflare Secondary DNS,www.netflix.com,"39.37, 43.92, 43.55, 43.54, 39.94, 43.11, 40.1, 47.14, 41.56, 39.74",2026-09-06 09:35:26,10,42.2
18,Cloudflare Secondary DNS,www.hbomax.com,"46.13, 40.71, 42.03, 40.13, 42.36, 42.22, 41.17, 46.16, 43.47, 44.3",2026-09-06 09:35:26,10,42.87
19,Cloudflare Secondary DNS,protonvpn.com,"51.46, 40.26, 41.42, 41.79, 43.94, 42.68, 40.58, 41.35, 43.38, 48.33",2026-09-06 09:35:26,10,43.52
20,Cloudflare Secondary DNS,www.ajax.nl,"50.91, 50.26, 44.96, 48.31, 49.34, 41.65, 42.44, 46.29, 45.3, 42.15",2026-09-06 09:35:26,10,46.16
21,Google Primary DNS,www.facebook.com,"129.47, 134.75, 134.06, 130.17, 138.54, 131.82, 129.16, 133.99, 136.46, 132.09",2026-09-06 09:35:26,10,133.05
22,Google Primary DNS,www.google.com,"129.77, 130.42, 131.0, 131.01, 131.11, 129.66, 129.78, 131.12, 133.35, 132.53",2026-09-06 09:35:26,10,130.97
23,Google Primary DNS,www.amazon.com,"144.19, 138.57, 131.18, 139.26, 132.47, 132.17, 130.63, 138.58, 136.91, 133.16",2026-09-06 09:35:26,10,135.71
24,Google Primary DNS,www.nos.nl,"145.7, 147.39, 143.51, 130.34, 143.75, 133.1, 145.92, 143.26, 138.99, 133.36",2026-09-06 09:35:26,10,140.53
25,Google Primary DNS,www.bbc.co.uk,"135.27, 136.31, 138.58, 142.42, 131.18, 134.9, 132.18, 133.01, 137.06, 135.37",2026-09-06 09:35:26,10,135.63
26,Google Primary DNS,www.github.com,"138.42, 130.79, 133.19, 140.52, 134.27, 132.91, 131.89, 140.86, 131.0, 133.38",2026-09-06 09:35:26,10,134.72
27,Google Primary DNS,www.netflix.com,"132.56, 130.23, 132.89, 130.59, 129.95, 134.89, 130.43, 130.48, 131.65, 130.25",2026-09-06 09:35:26,10,131.39
28,Google Primary DNS,www.hbomax.com,"137.1, 135.77, 132.92, 142.14, 176.45, 132.81, 131.84, 136.74, 131.97, 137.07",2026-09-06 09:35:26,10,139.48
29,Google Primary DNS,protonvpn.com,"134.91, 136.72, 136.93, 133.2, 132.24, 132.12, 138.03, 135.76, 131.69, 134.24",2026-09-06 09:35:26,10,134.58
30,Google Primary DNS,www.ajax.nl,"151.09, 138.68, 143.03, 135.94, 135.71, 136.93, 135.64, 136.2, 140.83, 132.37",2026-09-06 09:35:26,10,138.64
31,Google Secondary DNS,www.facebook.com,"131.5, 134.89, 130.22, 133.87, 137.42, 130.89, 130.49, 138.56, 129.66, 133.02",2026-09-06 09:35:26,10,133.05
32,Google Secondary DNS,www.google.com,"131.6, 130.47, 131.54, 132.88, 135.51, 130.9, 130.81, 133.46, 133.89, 130.23",2026-09-06 09:35:26,10,132.13
33,Google Secondary DNS,www.amazon.com,"209.82, 135.27, 178.45, 130.6, 131.66, 138.61, 130.41, 161.21, 136.81, 135.45",2026-09-06 09:35:26,10,148.83
34,Google Secondary DNS,www.nos.nl,"132.83, 132.0, 130.92, 132.75, 134.9, 141.57, 131.39, 130.99, 152.31, 130.98",2026-09-06 09:35:26,10,135.06
35,Google Secondary DNS,www.bbc.co.uk,"136.61, 141.98, 138.63, 132.54, 138.28, 133.68, 134.21, 131.25, 149.35, 133.88",2026-09-06 09:35:26,10,137.04
36,Google Secondary DNS,www.github.com,"136.27, 142.71, 133.43, 132.2, 131.18, 130.39, 130.39, 137.03, 143.52, 139.97",2026-09-06 09:35:26,10,135.71
37,Google Secondary DNS,www.netflix.com,"129.07, 132.82, 130.94, 131.35, 132.72, 130.21, 134.37, 130.95, 133.21, 129.51",2026-09-06 09:35:26,10,131.52
38,Google Secondary DNS,www.hbomax.com,"133.33, 134.28, 134.23, 135.1, 131.91, 140.51, 131.5, 138.65, 134.04, 133.92",2026-09-06 09:35:26,10,134.75
39,Google Secondary DNS,protonvpn.com,"135.4, 136.92, 135.56, 137.05, 131.25, 130.19, 135.89, 132.31, 130.75, 131.78",2026-09-06 09:35:26,10,133.71
40,Google Secondary DNS,www.ajax.nl,"136.51, 151.24, 142.49, 141.69, 136.0, 149.81, 131.27, 138.2, 139.67, 136.92",2026-09-06 09:35:26,10,140.38
41,Quad9 Primary DNS,www.facebook.com,"123.13, 119.74, 120.68, 120.99, 121.12, 126.24, 122.94, 122.1, 120.56, 121.98",2026-09-06 09:35:26,10,121.95
42,Quad9 Primary DNS,www.google.com,"122.89, 119.91, 122.72, 121.34, 124.02, 120.84, 123.8, 126.23, 122.98, 119.54",2026-09-06 09:35:26,10,122.43
43,Quad9 Primary DNS,www.amazon.com,"123.11, 121.04, 119.79, 121.35, 122.3, 127.19, 120.46, 121.09, 120.65, 124.24",2026-09-06 09:35:26,10,122.12
44,Quad9 Primary DNS,www.nos.nl,"127.77, 123.1, 124.46, 119.63, 119.89, 121.26, 121.7, 119.85, 125.55, 119.45",2026-09-06 09:35:26,10,122.27
45,Quad9 Primary DNS,www.bbc.co.uk,"121.26, 125.14, 121.19, 123.66, 126.17, 119.61, 120.02, 124.16, 120.45, 125.57",2026-09-06 09:35:26,10,122.72
46,Quad9 Primary DNS,www.github.com,"120.74, 122.63, 119.66, 119.97, 120.03, 121.85, 121.19, 120.6, 119.39, 120.53",2026-09-06 09:35:26,10,120.66
47,Quad9 Primary DNS,www.netflix.com,"120.58, 125.13, 119.75, 120.79, 120.23, 124.37, 124.65, 120.73, 120.03, 121.24",2026-09-06 09:35:26,10,121.75
48,Quad9 Primary DNS,www.hbomax.com,"124.54, 123.95, 125.67, 122.63, 124.06, 119.87, 120.45, 124.15, 125.63, 119.88",2026-09-06 09:35:26,10,123.08
49,Quad9 Primary DNS,protonvpn.com,"121.26, 118.67, 119.58, 120.29, 120.92, 120.8, 119.33, 119.81, 119.88, 121.76",2026-09-06 09:35:26,10,120.23
50,Quad9 Primary DNS,www.ajax.nl,"138.72, 125.45, 121.54, 122.21, 120.74, 125.01, 121.35, 126.88, 126.83, 128.12",2026-09-06 09:35:26,10,125.68
51,Quad9 Secondary DNS,www.facebook.com,"123.55, 124.45, 121.99, 122.33, 122.98, 121.95, 121.37, 120.17, 124.36, 119.61",2026-09-06 09:35:26,10,122.27
52,Quad9 Secondary DNS,www.google.com,"119.56, 119.9, 120.85, 120.96, 122.65, 119.93, 120.81, 119.63, 118.81, 123.99",2026-09-06 09:35:26,10,120.71
53,Quad9 Secondary DNS,www.amazon.com,"121.62, 120.55, 121.42, 121.0, 121.97, 123.01, 119.7, 121.14, 123.09, 119.27",2026-09-06 09:35:26,10,121.28
54,Quad9 Secondary DNS,www.nos.nl,"119.69, 268.74, 125.51, 123.95, 124.62, 120.1, 136.11, 122.49, 120.44, 120.01",2026-09-06 09:35:26,10,138.17
55,Quad9 Secondary DNS,www.bbc.co.uk,"125.82, 121.56, 122.53, 664.9, 120.89, 125.15, 123.16, 122.81, 120.29, 119.8",2026-09-06 09:35:26,10,176.69
56,Quad9 Secondary DNS,www.github.com,"124.91, 119.68, 120.67, 124.9, 124.56, 122.94, 119.69, 123.68, 119.08, 126.16",2026-09-06 09:35:26,10,122.63
57,Quad9 Secondary DNS,www.netflix.com,"120.57, 121.44, 124.3, 123.08, 120.86, 126.37, 119.96, 124.84, 121.07, 123.23",2026-09-06 09:35:26,10,122.57
58,Quad9 Secondary DNS,www.hbomax.com,"125.18, 122.0, 120.68, 120.92, 123.82, 121.38, 123.52, 126.55, 123.93, 124.88",2026-09-06 09:35:26,10,123.29
59,Quad9 Secondary DNS,protonvpn.com,"124.45, 121.72, 119.83, 119.9, 122.94, 121.28, 128.52, 120.02, 121.5, 118.82",2026-09-06 09:35:26,10,121.9
60,Quad9 Secondary DNS,www.ajax.nl,"142.43, 124.33, 154.73, 121.4, 125.17, 124.97, 120.61, 121.43, 119.82, 119.37",2026-09-06 09:35:26,10,127.43
61,NextDNS Primary DNS,www.facebook.com,"46.97, 39.81, 42.52, 40.74, 41.58, 43.09, 46.37, 41.18, 47.26, 42.94",2026-09-06 09:35:26,10,43.25
62,NextDNS Primary DNS,www.google.com,"45.55, 44.86, 40.94, 41.03, 40.63, 41.42, 45.57, 40.13, 42.0, 42.04",2026-09-06 09:35:26,10,42.42
63,NextDNS Primary DNS,www.amazon.com,"111.7, 45.11, 39.37, 43.97, 43.39, 40.43, 44.78, 40.77, 44.51, 40.41",2026-09-06 09:35:26,10,49.44
64,NextDNS Primary DNS,www.nos.nl,"79.59, 40.75, 41.27, 39.92, 40.24, 43.59, 41.15, 40.59, 38.89, 44.32",2026-09-06 09:35:26,10,45.03
65,NextDNS Primary DNS,www.bbc.co.uk,"847.07, 46.84, 43.95, 40.05, 39.94, 44.12, 43.55, 40.33, 39.98, 43.85",2026-09-06 09:35:26,10,122.97
66,NextDNS Primary DNS,www.github.com,"40.21, 39.02, 39.73, 41.47, 46.93, 45.77, 39.65, 41.4, 41.39, 42.19",2026-09-06 09:35:26,10,41.78
67,NextDNS Primary DNS,www.netflix.com,"40.01, 44.13, 45.17, 41.67, 42.63, 39.53, 41.28, 43.18, 42.34, 41.48",2026-09-06 09:35:26,10,42.14
68,NextDNS Primary DNS,www.hbomax.com,"74.6, 41.22, 44.71, 42.48, 39.7, 44.42, 41.81, 43.04, 39.7, 41.07",2026-09-06 09:35:26,10,45.27
69,NextDNS Primary DNS,protonvpn.com,"41.26, 44.31, 40.23, 40.85, 39.65, 43.25, 40.96, 40.44, 39.32, 42.64",2026-09-06 09:35:26,10,41.29
70,NextDNS Primary DNS,www.ajax.nl,"102.43, 41.72, 47.12, 41.66, 42.46, 43.76, 40.91, 39.39, 39.17, 45.42",2026-09-06 09:35:26,10,48.4
71,NextDNS Secondary DNS,www.facebook.com,"44.69, 41.95, 40.04, 39.82, 39.41, 40.95, 38.43, 40.54, 39.42, 39.21",2026-09-06 09:35:26,10,40.45
72,NextDNS Secondary DNS,www.google.com,"40.64, 41.52, 42.99, 41.17, 43.04, 43.56, 39.48, 42.02, 45.94, 39.7",2026-09-06 09:35:26,10,42.01
73,NextDNS Secondary DNS,www.amazon.com,"39.79, 49.2, 39.52, 40.94, 39.55, 39.33, 40.1, 39.21, 42.81, 40.88",2026-09-06 09:35:26,10,41.13
74,NextDNS Secondary DNS,www.nos.nl,"193.61, 41.12, 39.68, 40.98, 43.44, 43.38, 39.39, 45.37, 41.21, 44.51",2026-09-06 09:35:26,10,57.27
75,NextDNS Secondary DNS,www.bbc.co.uk,"41.6, 44.48, 40.65, 40.12, 39.86, 41.81, 45.79, 40.2, 39.61, 40.52",2026-09-06 09:35:26,10,41.46
76,NextDNS Secondary DNS,www.github.com,"40.17, 40.35, 43.98, 46.49, 41.0, 39.95, 41.17, 41.66, 39.33, 39.61",2026-09-06 09:35:26,10,41.37
77,NextDNS Secondary DNS,www.netflix.com,"45.1, 43.3, 39.72, 39.01, 44.31, 42.3, 39.37, 40.6, 40.18, 45.17",2026-09-06 09:35:26,10,41.9
78,NextDNS Secondary DNS,www.hbomax.com,"217.9, 39.41, 47.48, 42.4, 45.56, 39.17, 40.47, 42.58, 39.47, 46.04",2026-09-06 09:35:26,10,60.05
79,NextDNS Secondary DNS,protonvpn.com,"41.88, 45.16, 39.53, 40.3, 44.44, 39.33, 42.5, 44.38, 39.85, 39.8",2026-09-06 09:35:26,10,41.72
80,NextDNS Secondary DNS,www.ajax.nl,"49.52, 44.84, 49.51, 44.81, 39.82, 45.3, 39.76, 46.21, 42.33, 46.58",2026-09-06 09:35:26,10,44.87
81,OpenDNS Primary DNS,www.facebook.com,"44.46, 45.85, 41.37, 40.52, 43.91, 39.92, 43.44, 42.3, 41.37, 40.2",2026-09-06 09:35:26,10,42.33
82,OpenDNS Primary DNS,www.google.com,"42.2, 46.47, 75.64, 43.59, 38.92, 43.57, 40.03, 42.1, 39.44, 44.01",2026-09-06 09:35:26,10,45.6
83,OpenDNS Primary DNS,www.amazon.com,"47.52, 55.38, 45.47, 45.51, 50.16, 44.9, 43.96, 44.56, 57.69, 46.12",2026-09-06 09:35:26,10,48.13
84,OpenDNS Primary DNS,www.nos.nl,"282.66, 397.93, 201.29, 40.02, 44.02, 119.83, 94.01, 42.31, 147.95, 115.75",2026-09-06 09:35:26,10,148.58
85,OpenDNS Primary DNS,www.bbc.co.uk,"44.74, 39.8, 42.04, 44.46, 44.39, 40.38, 45.13, 39.66, 140.1, 40.11",2026-09-06 09:35:26,10,52.08
86,OpenDNS Primary DNS,www.github.com,"41.86, 43.74, 45.29, 41.18, 44.26, 93.93, 48.68, 42.55, 39.07, 116.85",2026-09-06 09:35:26,10,55.74
87,OpenDNS Primary DNS,www.netflix.com,"40.38, 42.96, 38.59, 44.66, 44.07, 39.48, 46.61, 41.01, 39.19, 41.09",2026-09-06 09:35:26,10,41.8
88,OpenDNS Primary DNS,www.hbomax.com,"40.71, 46.07, 39.74, 44.01, 154.18, 53.14, 50.36, 91.2, 40.86, 38.95",2026-09-06 09:35:26,10,59.92
89,OpenDNS Primary DNS,protonvpn.com,"43.64, 42.84, 52.78, 49.51, 40.04, 43.84, 39.59, 40.8, 39.67, 38.2",2026-09-06 09:35:26,10,43.09
90,OpenDNS Primary DNS,www.ajax.nl,"42.02, 56.48, 46.02, 47.42, 44.0, 44.71, 39.68, 42.75, 42.19, 40.82",2026-09-06 09:35:26,10,44.61
91,OpenDNS Secondary DNS,www.facebook.com,"40.95, 39.44, 39.1, 41.65, 37.91, 84.93, 41.08, 39.62, 43.98, 38.96",2026-09-06 09:35:26,10,44.76
92,OpenDNS Secondary DNS,www.google.com,"40.77, 46.7, 40.56, 41.86, 39.76, 40.79, 44.59, 39.97, 38.24, 39.96",2026-09-06 09:35:26,10,41.32
93,OpenDNS Secondary DNS,www.amazon.com,"57.11, 51.13, 54.86, 125.45, 47.09, 124.46, 46.18, 119.05, 44.91, 43.12",2026-09-06 09:35:26,10,71.34
94,OpenDNS Secondary DNS,www.nos.nl,"248.84, 47.69, 124.62, 147.25, 161.24, 219.25, 45.78, 40.13, 43.36, 173.13",2026-09-06 09:35:26,10,125.13
95,OpenDNS Secondary DNS,www.bbc.co.uk,"452.81, 40.38, 594.1, 40.0, 45.99, 40.08, 48.21, 44.36, 47.35, 41.04",2026-09-06 09:35:26,10,139.43
96,OpenDNS Secondary DNS,www.github.com,"125.55, 44.82, 43.31, 95.38, 45.89, 47.0, 41.89, 40.77, 44.05, 43.49",2026-09-06 09:35:26,10,57.22
97,OpenDNS Secondary DNS,www.netflix.com,"39.65, 40.82, 46.01, 38.96, 41.45, 44.12, 45.37, 39.78, 48.0, 39.27",2026-09-06 09:35:26,10,42.34
98,OpenDNS Secondary DNS,www.hbomax.com,"43.74, 40.18, 43.66, 46.0, 46.04, 41.9, 94.44, 46.45, 40.55, 39.59",2026-09-06 09:35:26,10,48.25
99,OpenDNS Secondary DNS,protonvpn.com,"45.3, 306.68, 45.72, 44.94, 40.5, 40.26, 41.62, 39.18, 44.94, 40.96",2026-09-06 09:35:26,10,69.01
100,OpenDNS Secondary DNS,www.ajax.nl,"49.37, 43.46, 42.97, 50.6, 40.93, 40.73, 42.36, 43.83, 44.43, 40.09",2026-09-06 09:35:26,10,43.88
101,AdGuard DNS Primary DNS,www.facebook.com,"272.09, 38.92, 40.07, 39.48, 39.53, 44.74, 43.39, 379.19, 49.2, 39.36",2026-09-06 09:35:26,10,98.6
102,AdGuard DNS Primary DNS,www.google.com,"40.15, 40.04, 42.13, 40.87, 41.97, 44.95, 42.68, 40.77, 39.93, 39.43",2026-09-06 09:35:26,10,41.29
103,AdGuard DNS Primary DNS,www.amazon.com,"132.08, 39.39, 46.18, 41.83, 47.4, 42.2, 40.01, 138.49, 40.41, 40.56",2026-09-06 09:35:26,10,60.86
104,AdGuard DNS Primary DNS,www.nos.nl,"104.78, 39.14, 44.7, 41.4, 39.51, 44.08, 41.19, 40.39, 79.57, 38.83",2026-09-06 09:35:26,10,51.36
105,AdGuard DNS Primary DNS,www.bbc.co.uk,"1022.49, 42.59, 44.08, 42.65, 39.49, 41.15, 42.89, 1025.05, 45.44, 39.67",2026-09-06 09:35:26,10,238.55
106,AdGuard DNS Primary DNS,www.github.com,"251.48, 41.03, 40.65, 41.06, 41.15, 42.41, 39.96, 71.05, 41.91, 43.52",2026-09-06 09:35:26,10,65.42
107,AdGuard DNS Primary DNS,www.netflix.com,"39.76, 42.52, 41.1, 45.19, 41.29, 42.9, 39.8, 40.87, 45.05, 40.81",2026-09-06 09:35:26,10,41.93
108,AdGuard DNS Primary DNS,www.hbomax.com,"155.44, 42.51, 41.52, 43.49, 40.95, 41.3, 43.59, 46.69, 68.36, 39.98",2026-09-06 09:35:26,10,56.38
109,AdGuard DNS Primary DNS,protonvpn.com,"40.28, 41.3, 43.97, 40.64, 45.3, 39.81, 39.77, 44.6, 42.01, 39.41",2026-09-06 09:35:26,10,41.71
110,AdGuard DNS Primary DNS,www.ajax.nl,"48.69, 42.15, 44.65, 40.67, 39.3, 39.8, 40.16, 50.52, 42.52, 46.73",2026-09-06 09:35:26,10,43.52
111,Adguard DNS Secondary DNS,www.facebook.com,"40.9, 41.28, 43.06, 44.61, 41.54, 43.32, 39.42, 41.49, 41.0, 39.73",2026-09-06 09:35:26,10,41.63
112,Adguard DNS Secondary DNS,www.google.com,"39.8, 39.74, 48.62, 47.62, 40.4, 40.42, 39.78, 42.44, 44.6, 39.9",2026-09-06 09:35:26,10,42.33
113,Adguard DNS Secondary DNS,www.amazon.com,"41.13, 42.1, 43.74, 47.12, 41.59, 39.17, 41.4, 40.11, 40.64, 40.28",2026-09-06 09:35:26,10,41.73
114,Adguard DNS Secondary DNS,www.nos.nl,"40.11, 39.06, 46.62, 44.53, 42.16, 40.55, 41.02, 46.57, 40.85, 39.71",2026-09-06 09:35:26,10,42.12
115,Adguard DNS Secondary DNS,www.bbc.co.uk,"38.96, 39.6, 43.96, 44.9, 40.29, 39.84, 39.86, 42.03, 39.49, 40.18",2026-09-06 09:35:26,10,40.91
116,Adguard DNS Secondary DNS,www.github.com,"39.69, 39.43, 47.69, 43.95, 43.43, 39.38, 40.0, 39.76, 40.2, 40.67",2026-09-06 09:35:26,10,41.42
117,Adguard DNS Secondary DNS,www.netflix.com,"40.05, 39.62, 46.58, 40.59, 39.79, 39.93, 40.98, 40.46, 41.04, 39.87",2026-09-06 09:35:26,10,40.89
118,Adguard DNS Secondary DNS,www.hbomax.com,"42.18, 40.54, 45.51, 42.7, 40.43, 42.56, 40.68, 40.27, 40.1, 43.54",2026-09-06 09:35:26,10,41.85
119,Adguard DNS Secondary DNS,protonvpn.com,"41.42, 39.76, 44.08, 43.05, 39.02, 44.6, 42.06, 43.42, 43.9, 40.66",2026-09-06 09:35:26,10,42.2
120,Adguard DNS Secondary DNS,www.ajax.nl,"42.88, 38.64, 45.09, 42.44, 39.14, 39.96, 41.23, 38.95, 43.66, 39.71",2026-09-06 09:35:26,10,41.17
