"DNS Tested","Target Website","Query Times (ms)","Date Tested","Frequency Tested","Avg Query Time"
"Cloudflare Primary DNS","www.facebook.com","56.57, 46.87, 54.9, 45.92, 48.35, 47.97, 46.02, 46.26, 46.39, 47.16","2026-06-23","10","48.64"
"Cloudflare Primary DNS","www.google.com","45.87, 46.31, 46.53, 46.07, 48.04, 47.29, 47.04, 46.01, 47.84, 43.22","2026-06-23","10","46.42"
"Cloudflare Primary DNS","www.amazon.com","47.01, 47.95, 50.16, 48.05, 48.08, 49.21, 49.21, 56.17, 49.53, 44.11","2026-06-23","10","48.95"
"Cloudflare Primary DNS","www.nos.nl","105.69, 53.81, 56.81, 56.83, 56.07, 60.99, 56.5, 47.45, 52.91, 46.52","2026-06-23","10","59.36"
"Cloudflare Primary DNS","www.bbc.co.uk","47.5, 47.77, 48.12, 47, 47.82, 47.97, 46.02, 49.64, 48.42, 48.25","2026-06-23","10","47.85"
"Cloudflare Primary DNS","www.github.com","46.69, 47.14, 47.91, 46.38, 46.96, 47.43, 47.45, 48.67, 46.21, 45.52","2026-06-23","10","47.04"
"Cloudflare Primary DNS","www.netflix.com","45.69, 48.05, 46.61, 48.72, 48.91, 48.24, 47.82, 48.95, 48.37, 49.55","2026-06-23","10","48.09"
"Cloudflare Primary DNS","www.hbomax.com","50.28, 49.84, 47.21, 47.6, 45.59, 44.65, 48.85, 47.91, 46.66, 56.16","2026-06-23","10","48.47"
"Cloudflare Secondary DNS","www.facebook.com","48.36, 46.19, 45.54, 47.32, 47.16, 45.27, 46.64, 47.87, 52.9, 43.88","2026-06-23","10","47.11"
"Cloudflare Secondary DNS","www.google.com","46.49, 47.54, 47.63, 47.91, 45.76, 47.44, 47.14, 46.16, 47.16, 47.56","2026-06-23","10","47.08"
"Cloudflare Secondary DNS","www.amazon.com","47.5, 45.63, 46.03, 45.86, 51.23, 48.01, 48.4, 46.65, 48.86, 48.83","2026-06-23","10","47.7"
"Cloudflare Secondary DNS","www.nos.nl","53.76, 56.81, 57.35, 62.5, 47.73, 48.39, 50.79, 57.64, 47.68, 154.47","2026-06-23","10","63.71"
"Cloudflare Secondary DNS","www.bbc.co.uk","48.51, 47.4, 46.96, 51.62, 43.14, 47.94, 48.92, 50.46, 48.11, 47.69","2026-06-23","10","48.08"
"Cloudflare Secondary DNS","www.github.com","48.86, 47.29, 44.96, 42.9, 47.47, 44.94, 49.56, 46.46, 44.72, 51.41","2026-06-23","10","46.86"
"Cloudflare Secondary DNS","www.netflix.com","45.88, 47.46, 47.48, 46.81, 48.34, 47.52, 45.43, 45.13, 45.11, 44.47","2026-06-23","10","46.36"
"Cloudflare Secondary DNS","www.hbomax.com","46.3, 47.66, 49.55, 53.02, 47.5, 46.4, 46.43, 51.75, 47.73, 51.3","2026-06-23","10","48.76"
"Google Primary DNS","www.facebook.com","144.16, 138.57, 137.67, 137.31, 138.94, 137.77, 141.64, 138.68, 136.43, 145.71","2026-06-23","10","139.69"
"Google Primary DNS","www.google.com","135.38, 135.59, 139.72, 137.65, 136.99, 138.58, 138.98, 139.33, 138.56, 139.57","2026-06-23","10","138.03"
"Google Primary DNS","www.amazon.com","153.88, 188.19, 140.03, 144.95, 136.75, 141.18, 145.56, 146.61, 138.42, 138.75","2026-06-23","10","147.43"
"Google Primary DNS","www.nos.nl","236.69, 187.52, 156.22, 149.64, 144.93, 138.84, 140.09, 144.48, 139.57, 139.13","2026-06-23","10","157.71"
"Google Primary DNS","www.bbc.co.uk","148.44, 144.99, 137.15, 146.69, 136.29, 134.15, 138.09, 137.29, 134.41, 139.24","2026-06-23","10","139.67"
"Google Primary DNS","www.github.com","143.5, 141.21, 140.51, 144.07, 138.73, 137.78, 133.21, 143.21, 140.5, 133.75","2026-06-23","10","139.65"
"Google Primary DNS","www.netflix.com","139.18, 134.07, 137.13, 133.96, 133.04, 139.52, 137.22, 136.33, 133.81, 138.52","2026-06-23","10","136.28"
"Google Primary DNS","www.hbomax.com","136.93, 142.2, 141.52, 139.4, 140.65, 144.99, 140.71, 139.97, 139.96, 136.39","2026-06-23","10","140.27"
"Google Secondary DNS","www.facebook.com","136.88, 137.22, 139.02, 138.17, 246.64, 135.82, 137.87, 138.32, 136.6, 138.03","2026-06-23","10","148.46"
"Google Secondary DNS","www.google.com","137.45, 137.64, 137.26, 137.76, 135.79, 136.3, 136.23, 138.92, 138.05, 136.74","2026-06-23","10","137.21"
"Google Secondary DNS","www.amazon.com","138.28, 137.51, 145.32, 136.82, 137.88, 135.56, 141.29, 137.29, 139.38, 137.81","2026-06-23","10","138.71"
"Google Secondary DNS","www.nos.nl","137.59, 146.21, 138.21, 137.92, 139.56, 137.87, 138.51, 138.07, 140.31, 138.6","2026-06-23","10","139.28"
"Google Secondary DNS","www.bbc.co.uk","137.33, 140.05, 138.62, 139.27, 137.85, 137.39, 136.09, 138.15, 136.79, 137.3","2026-06-23","10","137.88"
"Google Secondary DNS","www.github.com","136.39, 136.23, 137.34, 141.78, 137.03, 134.29, 135.42, 136.3, 136.65, 137.19","2026-06-23","10","136.86"
"Google Secondary DNS","www.netflix.com","137.89, 137.63, 137.1, 137.39, 137.24, 137.65, 138.55, 156.02, 137.63, 135.14","2026-06-23","10","139.22"
"Google Secondary DNS","www.hbomax.com","139.23, 143, 137.13, 137.42, 139.94, 144.37, 139.39, 137.18, 133.94, 136.12","2026-06-23","10","138.77"
"Quad9 Primary DNS","www.facebook.com","218.67, 126.16, 122.8, 124.96, 126, 125.65, 126.46, 125.95, 127.66, 124.73","2026-06-23","10","134.9"
"Quad9 Primary DNS","www.google.com","126.91, 122.27, 127.49, 127.31, 126.41, 124.7, 126.43, 126.5, 125.69, 122.96","2026-06-23","10","125.67"
"Quad9 Primary DNS","www.amazon.com","127.52, 125.97, 126.61, 126.96, 129.07, 125.36, 126.21, 126.04, 125.25, 125.66","2026-06-23","10","126.47"
"Quad9 Primary DNS","www.nos.nl","132.52, 134.47, 270.02, 125.35, 123.75, 127.14, 123.62, 125.3, 124.61, 128.59","2026-06-23","10","141.54"
"Quad9 Primary DNS","www.bbc.co.uk","815.07, 681.62, 131.1, 125.38, 126.63, 126.36, 127.45, 126.41, 125.56, 126.57","2026-06-23","10","251.22"
"Quad9 Primary DNS","www.github.com","131.02, 125.23, 125.93, 126.3, 130.05, 125.67, 126.95, 127.28, 125.68, 124.25","2026-06-23","10","126.84"
"Quad9 Primary DNS","www.netflix.com","126.24, 126.98, 126.21, 127.6, 127.48, 125.14, 123.55, 128.71, 129.16, 126.36","2026-06-23","10","126.74"
"Quad9 Primary DNS","www.hbomax.com","126.9, 126.63, 125.02, 129.18, 129.88, 129.72, 126.65, 127.32, 125.94, 128.48","2026-06-23","10","127.57"
"Quad9 Secondary DNS","www.facebook.com","125.72, 127.42, 125.86, 125.52, 126.9, 121.92, 127.78, 126.06, 127.06, 126.69","2026-06-23","10","126.1"
"Quad9 Secondary DNS","www.google.com","126.27, 127.98, 127.2, 125.58, 126.34, 127.66, 126.13, 126.6, 122.98, 125.87","2026-06-23","10","126.26"
"Quad9 Secondary DNS","www.amazon.com","123.7, 122.01, 124.67, 121.77, 122.92, 127.23, 128.95, 126.73, 125.92, 126.12","2026-06-23","10","125"
"Quad9 Secondary DNS","www.nos.nl","127.9, 123.75, 125.32, 125.68, 128.71, 124.59, 125.73, 126.52, 133.54, 128.61","2026-06-23","10","127.04"
"Quad9 Secondary DNS","www.bbc.co.uk","125.43, 124.16, 127.54, 127.58, 126.55, 128.24, 122.26, 126.62, 126.39, 126.13","2026-06-23","10","126.09"
"Quad9 Secondary DNS","www.github.com","127.46, 127.5, 127.28, 127.1, 126.65, 126.07, 127.92, 127.57, 125.26, 122.97","2026-06-23","10","126.58"
"Quad9 Secondary DNS","www.netflix.com","126.53, 126.82, 128.5, 124.23, 125.27, 129.01, 128.57, 125.64, 125.97, 124.66","2026-06-23","10","126.52"
"Quad9 Secondary DNS","www.hbomax.com","128.58, 122.92, 127.43, 124.96, 131.17, 129.22, 127.5, 125.57, 126.52, 124.04","2026-06-23","10","126.79"
"NextDNS Primary DNS","www.facebook.com","49.92, 51.83, 50.41, 47.53, 46.2, 45.96, 45.77, 45.5, 43.75, 48.77","2026-06-23","10","47.56"
"NextDNS Primary DNS","www.google.com","47.63, 46.89, 48.22, 46.76, 48.12, 50.3, 48.04, 45.4, 44.9, 47.97","2026-06-23","10","47.42"
"NextDNS Primary DNS","www.amazon.com","79.4, 75.37, 44.99, 47.7, 42, 43.84, 48.27, 46.7, 47.5, 47.66","2026-06-23","10","52.34"
"NextDNS Primary DNS","www.nos.nl","108.16, 46.53, 46.08, 46.91, 46.07, 46.46, 47.89, 46.65, 46.74, 47.15","2026-06-23","10","52.86"
"NextDNS Primary DNS","www.bbc.co.uk","1117.22, 48.01, 47.73, 44.08, 45.79, 47.63, 45.38, 47.46, 46.21, 46.52","2026-06-23","10","153.6"
"NextDNS Primary DNS","www.github.com","47.13, 44.9, 49.03, 58.14, 49.61, 47.84, 46.16, 45.85, 46.68, 46.23","2026-06-23","10","48.16"
"NextDNS Primary DNS","www.netflix.com","48.28, 46.79, 47.81, 45.19, 45.5, 48.18, 48.12, 45.16, 45.57, 44.81","2026-06-23","10","46.54"
"NextDNS Primary DNS","www.hbomax.com","143.73, 41.89, 47.2, 48.7, 47.89, 47.74, 47.78, 46.21, 47.43, 47.34","2026-06-23","10","56.59"
"NextDNS Secondary DNS","www.facebook.com","45.79, 46.44, 47.24, 45.26, 43.3, 48.02, 45.03, 45.68, 45.02, 46.61","2026-06-23","10","45.84"
"NextDNS Secondary DNS","www.google.com","46.24, 47.08, 42.44, 47.48, 47.85, 45.92, 45.97, 45.64, 47.25, 43.65","2026-06-23","10","45.95"
"NextDNS Secondary DNS","www.amazon.com","157.06, 46.5, 46.37, 47.74, 48.3, 47.2, 42.48, 47.52, 48.2, 47.52","2026-06-23","10","57.89"
"NextDNS Secondary DNS","www.nos.nl","248.38, 49.8, 47.08, 47.76, 48.29, 47.09, 48.84, 46.18, 47.35, 46.86","2026-06-23","10","67.76"
"NextDNS Secondary DNS","www.bbc.co.uk","505.08, 45.21, 46.64, 46.93, 71.78, 46.2, 46.45, 46.22, 45.55, 46.2","2026-06-23","10","94.63"
"NextDNS Secondary DNS","www.github.com","45.87, 45.43, 45.51, 47.24, 45.23, 47.23, 51.3, 46.04, 42.62, 47.07","2026-06-23","10","46.36"
"NextDNS Secondary DNS","www.netflix.com","46.49, 48.42, 46.38, 46.52, 45.35, 47.1, 46.52, 50.09, 45.39, 46.87","2026-06-23","10","46.91"
"NextDNS Secondary DNS","www.hbomax.com","49.1, 51.12, 46.54, 46.4, 47.63, 49.49, 46.66, 53.6, 47.28, 46.02","2026-06-23","10","48.38"
"OpenDNS Primary DNS","www.facebook.com","120.78, 86.49, 49.47, 90.77, 53.62, 52.97, 92.22, 53.83, 45.57, 45.03","2026-06-23","10","69.07"
"OpenDNS Primary DNS","www.google.com","79.65, 85.99, 47.63, 43.41, 75.99, 51.88, 79.97, 47.98, 46.67, 77.76","2026-06-23","10","63.69"
"OpenDNS Primary DNS","www.amazon.com","53.9, 95.04, 141.78, 173.29, 55.26, 96.83, 53.01, 127.89, 121.9, 98.71","2026-06-23","10","101.76"
"OpenDNS Primary DNS","www.nos.nl","153.19, 201.25, 150.6, 56.17, 194.07, 253.91, 170.21, 217.85, 199.35, 60.27","2026-06-23","10","165.69"
"OpenDNS Primary DNS","www.bbc.co.uk","47.05, 264.85, 152.76, 150.58, 46.21, 46.14, 45.67, 776.47, 49.1, 45.09","2026-06-23","10","162.39"
"OpenDNS Primary DNS","www.github.com","48.71, 51.34, 52.11, 56.69, 52.7, 48.57, 46.78, 45.34, 47.35, 96.3","2026-06-23","10","54.59"
"OpenDNS Primary DNS","www.netflix.com","46.34, 46.82, 46.67, 47.9, 47.6, 48.22, 47.83, 46.81, 50.07, 46.94","2026-06-23","10","47.52"
"OpenDNS Primary DNS","www.hbomax.com","47.88, 53.15, 48.43, 56.97, 149.88, 47.98, 46.57, 46.79, 56.6, 46.86","2026-06-23","10","60.11"
"OpenDNS Secondary DNS","www.facebook.com","118.63, 45.14, 47.89, 46.85, 46.85, 51.27, 133.81, 46.46, 48.79, 46.65","2026-06-23","10","63.23"
"OpenDNS Secondary DNS","www.google.com","48.9, 45.74, 82.44, 45.86, 45.76, 45.58, 50.76, 47.31, 45.2, 47.83","2026-06-23","10","50.54"
"OpenDNS Secondary DNS","www.amazon.com","122.28, 53.91, 50.73, 48.21, 54.24, 49.17, 92.9, 51.31, 52.96, 46.37","2026-06-23","10","62.21"
"OpenDNS Secondary DNS","www.nos.nl","44.48, 289.86, 165.86, 126.94, 92.58, 226.83, 51.67, 383.16, 46.26, 291.13","2026-06-23","10","171.88"
"OpenDNS Secondary DNS","www.bbc.co.uk","46.62, 152.93, 54.17, 49.86, 46.8, 47.16, 47.54, 48.7, 162.5, 44.99","2026-06-23","10","70.13"
"OpenDNS Secondary DNS","www.github.com","59.23, 44.4, 50.91, 50.16, 47.09, 46.4, 53.77, 48, 119.12, 45.6","2026-06-23","10","56.47"
"OpenDNS Secondary DNS","www.netflix.com","44.75, 48.15, 45.87, 45.01, 46.89, 44.8, 47.44, 45.25, 45.44, 47.91","2026-06-23","10","46.15"
"OpenDNS Secondary DNS","www.hbomax.com","44.92, 47.47, 50.27, 50.04, 45.91, 45.36, 47.57, 45.81, 48.65, 45.19","2026-06-23","10","47.12"
"AdGuard DNS Primary DNS","www.facebook.com","599.75, 48.1, 46.78, 47.31, 45.91, 45.27, 46.54, 46.82, 46.23, 49.11","2026-06-23","10","102.18"
"AdGuard DNS Primary DNS","www.google.com","76.02, 46.74, 46.56, 46.56, 46.39, 45.72, 46.46, 45.59, 48.47, 48.09","2026-06-23","10","49.66"
"AdGuard DNS Primary DNS","www.amazon.com","242.16, 45.97, 46.89, 45.15, 46.17, 46.5, 47.25, 45.86, 46.13, 46.21","2026-06-23","10","65.83"
"AdGuard DNS Primary DNS","www.nos.nl","271.37, 44.48, 46.5, 46.56, 48.18, 45.72, 47.44, 46.24, 46.26, 46.78","2026-06-23","10","68.95"
"AdGuard DNS Primary DNS","www.bbc.co.uk","285.89, 45.18, 45.63, 45.82, 44.92, 45.3, 46.64, 44.95, 46.66, 47.87","2026-06-23","10","69.89"
"AdGuard DNS Primary DNS","www.github.com","156.49, 45.6, 46.12, 46.14, 52.57, 43.96, 45.3, 45.5, 45.39, 46.38","2026-06-23","10","57.35"
"AdGuard DNS Primary DNS","www.netflix.com","47.37, 46.85, 46.54, 47.36, 45.85, 46.55, 45.8, 47.42, 46.99, 46.95","2026-06-23","10","46.77"
"AdGuard DNS Primary DNS","www.hbomax.com","267.84, 45.45, 46.61, 42.88, 46.71, 42.3, 51.74, 45.85, 43.48, 47.25","2026-06-23","10","68.01"
"Adguard DNS Secondary DNS","www.facebook.com","45.57, 46.42, 46.85, 50.36, 45.53, 45.75, 48.03, 46.41, 45.25, 48.83","2026-06-23","10","46.9"
"Adguard DNS Secondary DNS","www.google.com","44.59, 46.37, 46.01, 42.46, 45.22, 43.21, 46.44, 47.84, 45.84, 48.2","2026-06-23","10","45.62"
"Adguard DNS Secondary DNS","www.amazon.com","46.69, 45.35, 45.26, 49.51, 46.15, 44.89, 49.52, 47.16, 47.06, 46.79","2026-06-23","10","46.84"
"Adguard DNS Secondary DNS","www.nos.nl","46.64, 46.76, 47.09, 45.72, 45.6, 50.48, 49.42, 46.25, 46.38, 46.88","2026-06-23","10","47.12"
"Adguard DNS Secondary DNS","www.bbc.co.uk","46.44, 46.97, 47.6, 48.16, 47.92, 47.53, 46.02, 46.36, 43.06, 46.17","2026-06-23","10","46.62"
"Adguard DNS Secondary DNS","www.github.com","46.35, 47.46, 45.97, 45.73, 47.35, 48.32, 47.22, 46.2, 47.16, 46.51","2026-06-23","10","46.83"
"Adguard DNS Secondary DNS","www.netflix.com","50.26, 46.85, 45.21, 47.74, 46.23, 45.15, 46.7, 49.77, 43.82, 45.32","2026-06-23","10","46.71"
"Adguard DNS Secondary DNS","www.hbomax.com","45.88, 45.94, 47.28, 45.49, 45.98, 47.95, 45.39, 46.41, 45.69, 46.28","2026-06-23","10","46.23"
